
Collecting usage statistics. To deactivate, set browser.gatherUsageStats to false.

2026-09-17 11:40:54.298 Uvicorn server started on 0.0.0.0:8501

  You can now view your Streamlit app in your browser.

  Local URL: http://localhost:8501
  Network URL: http://10.0.0.158:8501
  External URL: http://4.240.39.192:8501

[I 260917 11:41:07 smartConnect:124] in pool
[I 260917 11:41:07 smartConnect:496] Search successful. Found 2500 trading symbols for the given query:
    1. exchange: MCX, tradingsymbol: CRUDEOIL15OCT2610000CE, symboltoken: 580499
    2. exchange: MCX, tradingsymbol: CRUDEOIL15OCT2610000PE, symboltoken: 580650
    3. exchange: MCX, tradingsymbol: CRUDEOIL15OCT2610050CE, symboltoken: 580500
    4. exchange: MCX, tradingsymbol: CRUDEOIL15OCT2610050PE, symboltoken: 580651
    5. exchange: MCX, tradingsymbol: CRUDEOIL15OCT2610100CE, symboltoken: 580501
    6. exchange: MCX, tradingsymbol: CRUDEOIL15OCT2610100PE, symboltoken: 580652
    7. exchange: MCX, tradingsymbol: CRUDEOIL15OCT2610150CE, symboltoken: 580502
    8. exchange: MCX, tradingsymbol: CRUDEOIL15OCT2610150PE, symboltoken: 580653
    9. exchange: MCX, tradingsymbol: CRUDEOIL15OCT2610200CE, symboltoken: 580503
    10. exchange: MCX, tradingsymbol: CRUDEOIL15OCT2610200PE, symboltoken: 580654
    11. exchange: MCX, tradingsymbol: CRUDEOIL15OCT2610250CE, symboltoken: 580504
    12. exchange: MCX, tradingsymbol: CRUDEOIL15OCT2610250PE, symboltoken: 580655
    13. exchange: MCX, tradingsymbol: CRUDEOIL15OCT2610300CE, symboltoken: 580505
    14. exchange: MCX, tradingsymbol: CRUDEOIL15OCT2610300PE, symboltoken: 580656
    15. exchange: MCX, tradingsymbol: CRUDEOIL15OCT2610350CE, symboltoken: 580506
    16. exchange: MCX, tradingsymbol: CRUDEOIL15OCT2610350PE, symboltoken: 580657
    17. exchange: MCX, tradingsymbol: CRUDEOIL15OCT2610400CE, symboltoken: 580507
    18. exchange: MCX, tradingsymbol: CRUDEOIL15OCT2610400PE, symboltoken: 580658
    19. exchange: MCX, tradingsymbol: CRUDEOIL15OCT2610450CE, symboltoken: 580508
    20. exchange: MCX, tradingsymbol: CRUDEOIL15OCT2610450PE, symboltoken: 580659
    21. exchange: MCX, tradingsymbol: CRUDEOIL15OCT2610500CE, symboltoken: 580509
    22. exchange: MCX, tradingsymbol: CRUDEOIL15OCT2610500PE, symboltoken: 580660
    23. exchange: MCX, tradingsymbol: CRUDEOIL15OCT2610550CE, symboltoken: 580510
    24. exchange: MCX, tradingsymbol: CRUDEOIL15OCT2610550PE, symboltoken: 580661
    25. exchange: MCX, tradingsymbol: CRUDEOIL15OCT2610600CE, symboltoken: 580511
    26. exchange: MCX, tradingsymbol: CRUDEOIL15OCT2610600PE, symboltoken: 580662
    27. exchange: MCX, tradingsymbol: CRUDEOIL15OCT2610650CE, symboltoken: 580512
    28. exchange: MCX, tradingsymbol: CRUDEOIL15OCT2610650PE, symboltoken: 580663
    29. exchange: MCX, tradingsymbol: CRUDEOIL15OCT2610700CE, symboltoken: 580513
    30. exchange: MCX, tradingsymbol: CRUDEOIL15OCT2610700PE, symboltoken: 580664
    31. exchange: MCX, tradingsymbol: CRUDEOIL15OCT2610750CE, symboltoken: 580514
    32. exchange: MCX, tradingsymbol: CRUDEOIL15OCT2610750PE, symboltoken: 580665
    33. exchange: MCX, tradingsymbol: CRUDEOIL15OCT2610800CE, symboltoken: 580515
    34. exchange: MCX, tradingsymbol: CRUDEOIL15OCT2610800PE, symboltoken: 580666
    35. exchange: MCX, tradingsymbol: CRUDEOIL15OCT2610850CE, symboltoken: 580516
    36. exchange: MCX, tradingsymbol: CRUDEOIL15OCT2610850PE, symboltoken: 580667
    37. exchange: MCX, tradingsymbol: CRUDEOIL15OCT2610900CE, symboltoken: 580517
    38. exchange: MCX, tradingsymbol: CRUDEOIL15OCT2610900PE, symboltoken: 580668
    39. exchange: MCX, tradingsymbol: CRUDEOIL15OCT2610950CE, symboltoken: 580518
    40. exchange: MCX, tradingsymbol: CRUDEOIL15OCT2610950PE, symboltoken: 580669
    41. exchange: MCX, tradingsymbol: CRUDEOIL15OCT2611000CE, symboltoken: 580519
    42. exchange: MCX, tradingsymbol: CRUDEOIL15OCT2611000PE, symboltoken: 580670
    43. exchange: MCX, tradingsymbol: CRUDEOIL15OCT2611050CE, symboltoken: 580520
    44. exchange: MCX, tradingsymbol: CRUDEOIL15OCT2611050PE, symboltoken: 580671
    45. exchange: MCX, tradingsymbol: CRUDEOIL15OCT2611100CE, symboltoken: 580521
    46. exchange: MCX, tradingsymbol: CRUDEOIL15OCT2611100PE, symboltoken: 580672
    47. exchange: MCX, tradingsymbol: CRUDEOIL15OCT2611150CE, symboltoken: 580522
    48. exchange: MCX, tradingsymbol: CRUDEOIL15OCT2611150PE, symboltoken: 580673
    49. exchange: MCX, tradingsymbol: CRUDEOIL15OCT2611200CE, symboltoken: 580523
    50. exchange: MCX, tradingsymbol: CRUDEOIL15OCT2611200PE, symboltoken: 580674
    51. exchange: MCX, tradingsymbol: CRUDEOIL15OCT2611250CE, symboltoken: 580524
    52. exchange: MCX, tradingsymbol: CRUDEOIL15OCT2611250PE, symboltoken: 580675
    53. exchange: MCX, tradingsymbol: CRUDEOIL15OCT2611300CE, symboltoken: 580525
    54. exchange: MCX, tradingsymbol: CRUDEOIL15OCT2611300PE, symboltoken: 580676
    55. exchange: MCX, tradingsymbol: CRUDEOIL15OCT2611350CE, symboltoken: 580526
    56. exchange: MCX, tradingsymbol: CRUDEOIL15OCT2611350PE, symboltoken: 580677
    57. exchange: MCX, tradingsymbol: CRUDEOIL15OCT2611400CE, symboltoken: 580527
    58. exchange: MCX, tradingsymbol: CRUDEOIL15OCT2611400PE, symboltoken: 580678
    59. exchange: MCX, tradingsymbol: CRUDEOIL15OCT2611450CE, symboltoken: 580528
    60. exchange: MCX, tradingsymbol: CRUDEOIL15OCT2611450PE, symboltoken: 580679
    61. exchange: MCX, tradingsymbol: CRUDEOIL15OCT2611500CE, symboltoken: 580529
    62. exchange: MCX, tradingsymbol: CRUDEOIL15OCT2611500PE, symboltoken: 580680
    63. exchange: MCX, tradingsymbol: CRUDEOIL15OCT2611550CE, symboltoken: 580990
    64. exchange: MCX, tradingsymbol: CRUDEOIL15OCT2611550PE, symboltoken: 580995
    65. exchange: MCX, tradingsymbol: CRUDEOIL15OCT2611600CE, symboltoken: 580991
    66. exchange: MCX, tradingsymbol: CRUDEOIL15OCT2611600PE, symboltoken: 580996
    67. exchange: MCX, tradingsymbol: CRUDEOIL15OCT2611650CE, symboltoken: 581008
    68. exchange: MCX, tradingsymbol: CRUDEOIL15OCT2611650PE, symboltoken: 581012
    69. exchange: MCX, tradingsymbol: CRUDEOIL15OCT2611700CE, symboltoken: 581050
    70. exchange: MCX, tradingsymbol: CRUDEOIL15OCT2611700PE, symboltoken: 581066
    71. exchange: MCX, tradingsymbol: CRUDEOIL15OCT2611750CE, symboltoken: 581051
    72. exchange: MCX, tradingsymbol: CRUDEOIL15OCT2611750PE, symboltoken: 581067
    73. exchange: MCX, tradingsymbol: CRUDEOIL15OCT2611800CE, symboltoken: 581052
    74. exchange: MCX, tradingsymbol: CRUDEOIL15OCT2611800PE, symboltoken: 581068
    75. exchange: MCX, tradingsymbol: CRUDEOIL15OCT2611850CE, symboltoken: 581053
    76. exchange: MCX, tradingsymbol: CRUDEOIL15OCT2611850PE, symboltoken: 581069
    77. exchange: MCX, tradingsymbol: CRUDEOIL15OCT2611900CE, symboltoken: 581054
    78. exchange: MCX, tradingsymbol: CRUDEOIL15OCT2611900PE, symboltoken: 581070
    79. exchange: MCX, tradingsymbol: CRUDEOIL15OCT2611950CE, symboltoken: 581055
    80. exchange: MCX, tradingsymbol: CRUDEOIL15OCT2611950PE, symboltoken: 581071
    81. exchange: MCX, tradingsymbol: CRUDEOIL15OCT2612000CE, symboltoken: 581056
    82. exchange: MCX, tradingsymbol: CRUDEOIL15OCT2612000PE, symboltoken: 581072
    83. exchange: MCX, tradingsymbol: CRUDEOIL15OCT2612050CE, symboltoken: 584456
    84. exchange: MCX, tradingsymbol: CRUDEOIL15OCT2612050PE, symboltoken: 584461
    85. exchange: MCX, tradingsymbol: CRUDEOIL15OCT2612100CE, symboltoken: 584457
    86. exchange: MCX, tradingsymbol: CRUDEOIL15OCT2612100PE, symboltoken: 584462
    87. exchange: MCX, tradingsymbol: CRUDEOIL15OCT2612150CE, symboltoken: 584727
    88. exchange: MCX, tradingsymbol: CRUDEOIL15OCT2612150PE, symboltoken: 584733
    89. exchange: MCX, tradingsymbol: CRUDEOIL15OCT2612200CE, symboltoken: 584728
    90. exchange: MCX, tradingsymbol: CRUDEOIL15OCT2612200PE, symboltoken: 584734
    91. exchange: MCX, tradingsymbol: CRUDEOIL15OCT2612250CE, symboltoken: 584729
    92. exchange: MCX, tradingsymbol: CRUDEOIL15OCT2612250PE, symboltoken: 584735
    93. exchange: MCX, tradingsymbol: CRUDEOIL15OCT2612300CE, symboltoken: 584794
    94. exchange: MCX, tradingsymbol: CRUDEOIL15OCT2612300PE, symboltoken: 584812
    95. exchange: MCX, tradingsymbol: CRUDEOIL15OCT2612350CE, symboltoken: 584795
    96. exchange: MCX, tradingsymbol: CRUDEOIL15OCT2612350PE, symboltoken: 584813
    97. exchange: MCX, tradingsymbol: CRUDEOIL15OCT2612400CE, symboltoken: 584796
    98. exchange: MCX, tradingsymbol: CRUDEOIL15OCT2612400PE, symboltoken: 584814
    99. exchange: MCX, tradingsymbol: CRUDEOIL15OCT2612450CE, symboltoken: 584797
    100. exchange: MCX, tradingsymbol: CRUDEOIL15OCT2612450PE, symboltoken: 584815
    101. exchange: MCX, tradingsymbol: CRUDEOIL15OCT2612500CE, symboltoken: 584798
    102. exchange: MCX, tradingsymbol: CRUDEOIL15OCT2612500PE, symboltoken: 584816
    103. exchange: MCX, tradingsymbol: CRUDEOIL15OCT2612550CE, symboltoken: 584799
    104. exchange: MCX, tradingsymbol: CRUDEOIL15OCT2612550PE, symboltoken: 584817
    105. exchange: MCX, tradingsymbol: CRUDEOIL15OCT2612600CE, symboltoken: 584885
    106. exchange: MCX, tradingsymbol: CRUDEOIL15OCT2612600PE, symboltoken: 584917
    107. exchange: MCX, tradingsymbol: CRUDEOIL15OCT2612650CE, symboltoken: 584886
    108. exchange: MCX, tradingsymbol: CRUDEOIL15OCT2612650PE, symboltoken: 584918
    109. exchange: MCX, tradingsymbol: CRUDEOIL15OCT2612700CE, symboltoken: 584887
    110. exchange: MCX, tradingsymbol: CRUDEOIL15OCT2612700PE, symboltoken: 584919
    111. exchange: MCX, tradingsymbol: CRUDEOIL15OCT2612750CE, symboltoken: 584888
    112. exchange: MCX, tradingsymbol: CRUDEOIL15OCT2612750PE, symboltoken: 584920
    113. exchange: MCX, tradingsymbol: CRUDEOIL15OCT2612800CE, symboltoken: 584889
    114. exchange: MCX, tradingsymbol: CRUDEOIL15OCT2612800PE, symboltoken: 584921
    115. exchange: MCX, tradingsymbol: CRUDEOIL15OCT2612850CE, symboltoken: 584890
    116. exchange: MCX, tradingsymbol: CRUDEOIL15OCT2612850PE, symboltoken: 584922
    117. exchange: MCX, tradingsymbol: CRUDEOIL15OCT2612900CE, symboltoken: 584891
    118. exchange: MCX, tradingsymbol: CRUDEOIL15OCT2612900PE, symboltoken: 584923
    119. exchange: MCX, tradingsymbol: CRUDEOIL15OCT2612950CE, symboltoken: 584892
    120. exchange: MCX, tradingsymbol: CRUDEOIL15OCT2612950PE, symboltoken: 584924
    121. exchange: MCX, tradingsymbol: CRUDEOIL15OCT2613000CE, symboltoken: 584893
    122. exchange: MCX, tradingsymbol: CRUDEOIL15OCT2613000PE, symboltoken: 584925
    123. exchange: MCX, tradingsymbol: CRUDEOIL15OCT2613050CE, symboltoken: 584894
    124. exchange: MCX, tradingsymbol: CRUDEOIL15OCT2613050PE, symboltoken: 584926
    125. exchange: MCX, tradingsymbol: CRUDEOIL15OCT2613100CE, symboltoken: 584895
    126. exchange: MCX, tradingsymbol: CRUDEOIL15OCT2613100PE, symboltoken: 584927
    127. exchange: MCX, tradingsymbol: CRUDEOIL15OCT2613150CE, symboltoken: 585046
    128. exchange: MCX, tradingsymbol: CRUDEOIL15OCT2613150PE, symboltoken: 585071
    129. exchange: MCX, tradingsymbol: CRUDEOIL15OCT2613200CE, symboltoken: 585047
    130. exchange: MCX, tradingsymbol: CRUDEOIL15OCT2613200PE, symboltoken: 585072
    131. exchange: MCX, tradingsymbol: CRUDEOIL15OCT2613250CE, symboltoken: 585048
    132. exchange: MCX, tradingsymbol: CRUDEOIL15OCT2613250PE, symboltoken: 585073
    133. exchange: MCX, tradingsymbol: CRUDEOIL15OCT2613300CE, symboltoken: 585049
    134. exchange: MCX, tradingsymbol: CRUDEOIL15OCT2613300PE, symboltoken: 585074
    135. exchange: MCX, tradingsymbol: CRUDEOIL15OCT2613350CE, symboltoken: 585050
    136. exchange: MCX, tradingsymbol: CRUDEOIL15OCT2613350PE, symboltoken: 585075
    137. exchange: MCX, tradingsymbol: CRUDEOIL15OCT2613400CE, symboltoken: 585051
    138. exchange: MCX, tradingsymbol: CRUDEOIL15OCT2613400PE, symboltoken: 585076
    139. exchange: MCX, tradingsymbol: CRUDEOIL15OCT2613450CE, symboltoken: 585052
    140. exchange: MCX, tradingsymbol: CRUDEOIL15OCT2613450PE, symboltoken: 585077
    141. exchange: MCX, tradingsymbol: CRUDEOIL15OCT2613500CE, symboltoken: 585053
    142. exchange: MCX, tradingsymbol: CRUDEOIL15OCT2613500PE, symboltoken: 585078
    143. exchange: MCX, tradingsymbol: CRUDEOIL15OCT263200CE, symboltoken: 581885
    144. exchange: MCX, tradingsymbol: CRUDEOIL15OCT263200PE, symboltoken: 581886
    145. exchange: MCX, tradingsymbol: CRUDEOIL15OCT263250CE, symboltoken: 581845
    146. exchange: MCX, tradingsymbol: CRUDEOIL15OCT263250PE, symboltoken: 581851
    147. exchange: MCX, tradingsymbol: CRUDEOIL15OCT263300CE, symboltoken: 581844
    148. exchange: MCX, tradingsymbol: CRUDEOIL15OCT263300PE, symboltoken: 581850
    149. exchange: MCX, tradingsymbol: CRUDEOIL15OCT263350CE, symboltoken: 581843
    150. exchange: MCX, tradingsymbol: CRUDEOIL15OCT263350PE, symboltoken: 581849
    151. exchange: MCX, tradingsymbol: CRUDEOIL15OCT263400CE, symboltoken: 581842
    152. exchange: MCX, tradingsymbol: CRUDEOIL15OCT263400PE, symboltoken: 581848
    153. exchange: MCX, tradingsymbol: CRUDEOIL15OCT263450CE, symboltoken: 581841
    154. exchange: MCX, tradingsymbol: CRUDEOIL15OCT263450PE, symboltoken: 581847
    155. exchange: MCX, tradingsymbol: CRUDEOIL15OCT263500CE, symboltoken: 581840
    156. exchange: MCX, tradingsymbol: CRUDEOIL15OCT263500PE, symboltoken: 581846
    157. exchange: MCX, tradingsymbol: CRUDEOIL15OCT263550CE, symboltoken: 581141
    158. exchange: MCX, tradingsymbol: CRUDEOIL15OCT263550PE, symboltoken: 581146
    159. exchange: MCX, tradingsymbol: CRUDEOIL15OCT263600CE, symboltoken: 581140
    160. exchange: MCX, tradingsymbol: CRUDEOIL15OCT263600PE, symboltoken: 581145
    161. exchange: MCX, tradingsymbol: CRUDEOIL15OCT263650CE, symboltoken: 581139
    162. exchange: MCX, tradingsymbol: CRUDEOIL15OCT263650PE, symboltoken: 581144
    163. exchange: MCX, tradingsymbol: CRUDEOIL15OCT263700CE, symboltoken: 581138
    164. exchange: MCX, tradingsymbol: CRUDEOIL15OCT263700PE, symboltoken: 581143
    165. exchange: MCX, tradingsymbol: CRUDEOIL15OCT263750CE, symboltoken: 581137
    166. exchange: MCX, tradingsymbol: CRUDEOIL15OCT263750PE, symboltoken: 581142
    167. exchange: MCX, tradingsymbol: CRUDEOIL15OCT263800CE, symboltoken: 581110
    168. exchange: MCX, tradingsymbol: CRUDEOIL15OCT263800PE, symboltoken: 581114
    169. exchange: MCX, tradingsymbol: CRUDEOIL15OCT263850CE, symboltoken: 581109
    170. exchange: MCX, tradingsymbol: CRUDEOIL15OCT263850PE, symboltoken: 581113
    171. exchange: MCX, tradingsymbol: CRUDEOIL15OCT263900CE, symboltoken: 581108
    172. exchange: MCX, tradingsymbol: CRUDEOIL15OCT263900PE, symboltoken: 581112
    173. exchange: MCX, tradingsymbol: CRUDEOIL15OCT263950CE, symboltoken: 581107
    174. exchange: MCX, tradingsymbol: CRUDEOIL15OCT263950PE, symboltoken: 581111
    175. exchange: MCX, tradingsymbol: CRUDEOIL15OCT264000CE, symboltoken: 580454
    176. exchange: MCX, tradingsymbol: CRUDEOIL15OCT264000PE, symboltoken: 580605
    177. exchange: MCX, tradingsymbol: CRUDEOIL15OCT264050CE, symboltoken: 580453
    178. exchange: MCX, tradingsymbol: CRUDEOIL15OCT264050PE, symboltoken: 580604
    179. exchange: MCX, tradingsymbol: CRUDEOIL15OCT264100CE, symboltoken: 580452
    180. exchange: MCX, tradingsymbol: CRUDEOIL15OCT264100PE, symboltoken: 580603
    181. exchange: MCX, tradingsymbol: CRUDEOIL15OCT264150CE, symboltoken: 580451
    182. exchange: MCX, tradingsymbol: CRUDEOIL15OCT264150PE, symboltoken: 580602
    183. exchange: MCX, tradingsymbol: CRUDEOIL15OCT264200CE, symboltoken: 580450
    184. exchange: MCX, tradingsymbol: CRUDEOIL15OCT264200PE, symboltoken: 580601
    185. exchange: MCX, tradingsymbol: CRUDEOIL15OCT264250CE, symboltoken: 580449
    186. exchange: MCX, tradingsymbol: CRUDEOIL15OCT264250PE, symboltoken: 580600
    187. exchange: MCX, tradingsymbol: CRUDEOIL15OCT264300CE, symboltoken: 580448
    188. exchange: MCX, tradingsymbol: CRUDEOIL15OCT264300PE, symboltoken: 580599
    189. exchange: MCX, tradingsymbol: CRUDEOIL15OCT264350CE, symboltoken: 580447
    190. exchange: MCX, tradingsymbol: CRUDEOIL15OCT264350PE, symboltoken: 580598
    191. exchange: MCX, tradingsymbol: CRUDEOIL15OCT264400CE, symboltoken: 580446
    192. exchange: MCX, tradingsymbol: CRUDEOIL15OCT264400PE, symboltoken: 580597
    193. exchange: MCX, tradingsymbol: CRUDEOIL15OCT264450CE, symboltoken: 580445
    194. exchange: MCX, tradingsymbol: CRUDEOIL15OCT264450PE, symboltoken: 580596
    195. exchange: MCX, tradingsymbol: CRUDEOIL15OCT264500CE, symboltoken: 580444
    196. exchange: MCX, tradingsymbol: CRUDEOIL15OCT264500PE, symboltoken: 580595
    197. exchange: MCX, tradingsymbol: CRUDEOIL15OCT264550CE, symboltoken: 580443
    198. exchange: MCX, tradingsymbol: CRUDEOIL15OCT264550PE, symboltoken: 580594
    199. exchange: MCX, tradingsymbol: CRUDEOIL15OCT264600CE, symboltoken: 580442
    200. exchange: MCX, tradingsymbol: CRUDEOIL15OCT264600PE, symboltoken: 580593
    201. exchange: MCX, tradingsymbol: CRUDEOIL15OCT264650CE, symboltoken: 580441
    202. exchange: MCX, tradingsymbol: CRUDEOIL15OCT264650PE, symboltoken: 580592
    203. exchange: MCX, tradingsymbol: CRUDEOIL15OCT264700CE, symboltoken: 580440
    204. exchange: MCX, tradingsymbol: CRUDEOIL15OCT264700PE, symboltoken: 580591
    205. exchange: MCX, tradingsymbol: CRUDEOIL15OCT264750CE, symboltoken: 580439
    206. exchange: MCX, tradingsymbol: CRUDEOIL15OCT264750PE, symboltoken: 580590
    207. exchange: MCX, tradingsymbol: CRUDEOIL15OCT264800CE, symboltoken: 580438
    208. exchange: MCX, tradingsymbol: CRUDEOIL15OCT264800PE, symboltoken: 580589
    209. exchange: MCX, tradingsymbol: CRUDEOIL15OCT264850CE, symboltoken: 580437
    210. exchange: MCX, tradingsymbol: CRUDEOIL15OCT264850PE, symboltoken: 580588
    211. exchange: MCX, tradingsymbol: CRUDEOIL15OCT264900CE, symboltoken: 580436
    212. exchange: MCX, tradingsymbol: CRUDEOIL15OCT264900PE, symboltoken: 580587
    213. exchange: MCX, tradingsymbol: CRUDEOIL15OCT264950CE, symboltoken: 580435
    214. exchange: MCX, tradingsymbol: CRUDEOIL15OCT264950PE, symboltoken: 580586
    215. exchange: MCX, tradingsymbol: CRUDEOIL15OCT265000CE, symboltoken: 580434
    216. exchange: MCX, tradingsymbol: CRUDEOIL15OCT265000PE, symboltoken: 580585
    217. exchange: MCX, tradingsymbol: CRUDEOIL15OCT265050CE, symboltoken: 580433
    218. exchange: MCX, tradingsymbol: CRUDEOIL15OCT265050PE, symboltoken: 580584
    219. exchange: MCX, tradingsymbol: CRUDEOIL15OCT265100CE, symboltoken: 580432
    220. exchange: MCX, tradingsymbol: CRUDEOIL15OCT265100PE, symboltoken: 580583
    221. exchange: MCX, tradingsymbol: CRUDEOIL15OCT265150CE, symboltoken: 580431
    222. exchange: MCX, tradingsymbol: CRUDEOIL15OCT265150PE, symboltoken: 580582
    223. exchange: MCX, tradingsymbol: CRUDEOIL15OCT265200CE, symboltoken: 580430
    224. exchange: MCX, tradingsymbol: CRUDEOIL15OCT265200PE, symboltoken: 580581
    225. exchange: MCX, tradingsymbol: CRUDEOIL15OCT265250CE, symboltoken: 580429
    226. exchange: MCX, tradingsymbol: CRUDEOIL15OCT265250PE, symboltoken: 580580
    227. exchange: MCX, tradingsymbol: CRUDEOIL15OCT265300CE, symboltoken: 580428
    228. exchange: MCX, tradingsymbol: CRUDEOIL15OCT265300PE, symboltoken: 580579
    229. exchange: MCX, tradingsymbol: CRUDEOIL15OCT265350CE, symboltoken: 580427
    230. exchange: MCX, tradingsymbol: CRUDEOIL15OCT265350PE, symboltoken: 580578
    231. exchange: MCX, tradingsymbol: CRUDEOIL15OCT265400CE, symboltoken: 580426
    232. exchange: MCX, tradingsymbol: CRUDEOIL15OCT265400PE, symboltoken: 580577
    233. exchange: MCX, tradingsymbol: CRUDEOIL15OCT265450CE, symboltoken: 580425
    234. exchange: MCX, tradingsymbol: CRUDEOIL15OCT265450PE, symboltoken: 580576
    235. exchange: MCX, tradingsymbol: CRUDEOIL15OCT265500CE, symboltoken: 580424
    236. exchange: MCX, tradingsymbol: CRUDEOIL15OCT265500PE, symboltoken: 580575
    237. exchange: MCX, tradingsymbol: CRUDEOIL15OCT265550CE, symboltoken: 580423
    238. exchange: MCX, tradingsymbol: CRUDEOIL15OCT265550PE, symboltoken: 580574
    239. exchange: MCX, tradingsymbol: CRUDEOIL15OCT265600CE, symboltoken: 580422
    240. exchange: MCX, tradingsymbol: CRUDEOIL15OCT265600PE, symboltoken: 580573
    241. exchange: MCX, tradingsymbol: CRUDEOIL15OCT265650CE, symboltoken: 580421
    242. exchange: MCX, tradingsymbol: CRUDEOIL15OCT265650PE, symboltoken: 580572
    243. exchange: MCX, tradingsymbol: CRUDEOIL15OCT265700CE, symboltoken: 580420
    244. exchange: MCX, tradingsymbol: CRUDEOIL15OCT265700PE, symboltoken: 580571
    245. exchange: MCX, tradingsymbol: CRUDEOIL15OCT265750CE, symboltoken: 580419
    246. exchange: MCX, tradingsymbol: CRUDEOIL15OCT265750PE, symboltoken: 580570
    247. exchange: MCX, tradingsymbol: CRUDEOIL15OCT265800CE, symboltoken: 580418
    248. exchange: MCX, tradingsymbol: CRUDEOIL15OCT265800PE, symboltoken: 580569
    249. exchange: MCX, tradingsymbol: CRUDEOIL15OCT265850CE, symboltoken: 580417
    250. exchange: MCX, tradingsymbol: CRUDEOIL15OCT265850PE, symboltoken: 580568
    251. exchange: MCX, tradingsymbol: CRUDEOIL15OCT265900CE, symboltoken: 580416
    252. exchange: MCX, tradingsymbol: CRUDEOIL15OCT265900PE, symboltoken: 580567
    253. exchange: MCX, tradingsymbol: CRUDEOIL15OCT265950CE, symboltoken: 580415
    254. exchange: MCX, tradingsymbol: CRUDEOIL15OCT265950PE, symboltoken: 580566
    255. exchange: MCX, tradingsymbol: CRUDEOIL15OCT266000CE, symboltoken: 580414
    256. exchange: MCX, tradingsymbol: CRUDEOIL15OCT266000PE, symboltoken: 580565
    257. exchange: MCX, tradingsymbol: CRUDEOIL15OCT266050CE, symboltoken: 580413
    258. exchange: MCX, tradingsymbol: CRUDEOIL15OCT266050PE, symboltoken: 580564
    259. exchange: MCX, tradingsymbol: CRUDEOIL15OCT266100CE, symboltoken: 580412
    260. exchange: MCX, tradingsymbol: CRUDEOIL15OCT266100PE, symboltoken: 580563
    261. exchange: MCX, tradingsymbol: CRUDEOIL15OCT266150CE, symboltoken: 580411
    262. exchange: MCX, tradingsymbol: CRUDEOIL15OCT266150PE, symboltoken: 580562
    263. exchange: MCX, tradingsymbol: CRUDEOIL15OCT266200CE, symboltoken: 580410
    264. exchange: MCX, tradingsymbol: CRUDEOIL15OCT266200PE, symboltoken: 580561
    265. exchange: MCX, tradingsymbol: CRUDEOIL15OCT266250CE, symboltoken: 580409
    266. exchange: MCX, tradingsymbol: CRUDEOIL15OCT266250PE, symboltoken: 580560
    267. exchange: MCX, tradingsymbol: CRUDEOIL15OCT266300CE, symboltoken: 580408
    268. exchange: MCX, tradingsymbol: CRUDEOIL15OCT266300PE, symboltoken: 580559
    269. exchange: MCX, tradingsymbol: CRUDEOIL15OCT266350CE, symboltoken: 580407
    270. exchange: MCX, tradingsymbol: CRUDEOIL15OCT266350PE, symboltoken: 580558
    271. exchange: MCX, tradingsymbol: CRUDEOIL15OCT266400CE, symboltoken: 580406
    272. exchange: MCX, tradingsymbol: CRUDEOIL15OCT266400PE, symboltoken: 580557
    273. exchange: MCX, tradingsymbol: CRUDEOIL15OCT266450CE, symboltoken: 580405
    274. exchange: MCX, tradingsymbol: CRUDEOIL15OCT266450PE, symboltoken: 580556
    275. exchange: MCX, tradingsymbol: CRUDEOIL15OCT266500CE, symboltoken: 580404
    276. exchange: MCX, tradingsymbol: CRUDEOIL15OCT266500PE, symboltoken: 580555
    277. exchange: MCX, tradingsymbol: CRUDEOIL15OCT266550CE, symboltoken: 580403
    278. exchange: MCX, tradingsymbol: CRUDEOIL15OCT266550PE, symboltoken: 580554
    279. exchange: MCX, tradingsymbol: CRUDEOIL15OCT266600CE, symboltoken: 580402
    280. exchange: MCX, tradingsymbol: CRUDEOIL15OCT266600PE, symboltoken: 580553
    281. exchange: MCX, tradingsymbol: CRUDEOIL15OCT266650CE, symboltoken: 580401
    282. exchange: MCX, tradingsymbol: CRUDEOIL15OCT266650PE, symboltoken: 580552
    283. exchange: MCX, tradingsymbol: CRUDEOIL15OCT266700CE, symboltoken: 580400
    284. exchange: MCX, tradingsymbol: CRUDEOIL15OCT266700PE, symboltoken: 580551
    285. exchange: MCX, tradingsymbol: CRUDEOIL15OCT266750CE, symboltoken: 580399
    286. exchange: MCX, tradingsymbol: CRUDEOIL15OCT266750PE, symboltoken: 580550
    287. exchange: MCX, tradingsymbol: CRUDEOIL15OCT266800CE, symboltoken: 580398
    288. exchange: MCX, tradingsymbol: CRUDEOIL15OCT266800PE, symboltoken: 580549
    289. exchange: MCX, tradingsymbol: CRUDEOIL15OCT266850CE, symboltoken: 580397
    290. exchange: MCX, tradingsymbol: CRUDEOIL15OCT266850PE, symboltoken: 580548
    291. exchange: MCX, tradingsymbol: CRUDEOIL15OCT266900CE, symboltoken: 580396
    292. exchange: MCX, tradingsymbol: CRUDEOIL15OCT266900PE, symboltoken: 580547
    293. exchange: MCX, tradingsymbol: CRUDEOIL15OCT266950CE, symboltoken: 580395
    294. exchange: MCX, tradingsymbol: CRUDEOIL15OCT266950PE, symboltoken: 580546
    295. exchange: MCX, tradingsymbol: CRUDEOIL15OCT267000CE, symboltoken: 580394
    296. exchange: MCX, tradingsymbol: CRUDEOIL15OCT267000PE, symboltoken: 580545
    297. exchange: MCX, tradingsymbol: CRUDEOIL15OCT267050CE, symboltoken: 580393
    298. exchange: MCX, tradingsymbol: CRUDEOIL15OCT267050PE, symboltoken: 580544
    299. exchange: MCX, tradingsymbol: CRUDEOIL15OCT267100CE, symboltoken: 580392
    300. exchange: MCX, tradingsymbol: CRUDEOIL15OCT267100PE, symboltoken: 580543
    301. exchange: MCX, tradingsymbol: CRUDEOIL15OCT267150CE, symboltoken: 580391
    302. exchange: MCX, tradingsymbol: CRUDEOIL15OCT267150PE, symboltoken: 580542
    303. exchange: MCX, tradingsymbol: CRUDEOIL15OCT267200CE, symboltoken: 580390
    304. exchange: MCX, tradingsymbol: CRUDEOIL15OCT267200PE, symboltoken: 580541
    305. exchange: MCX, tradingsymbol: CRUDEOIL15OCT267250CE, symboltoken: 580389
    306. exchange: MCX, tradingsymbol: CRUDEOIL15OCT267250PE, symboltoken: 580540
    307. exchange: MCX, tradingsymbol: CRUDEOIL15OCT267300CE, symboltoken: 580388
    308. exchange: MCX, tradingsymbol: CRUDEOIL15OCT267300PE, symboltoken: 580539
    309. exchange: MCX, tradingsymbol: CRUDEOIL15OCT267350CE, symboltoken: 580387
    310. exchange: MCX, tradingsymbol: CRUDEOIL15OCT267350PE, symboltoken: 580538
    311. exchange: MCX, tradingsymbol: CRUDEOIL15OCT267400CE, symboltoken: 580386
    312. exchange: MCX, tradingsymbol: CRUDEOIL15OCT267400PE, symboltoken: 580537
    313. exchange: MCX, tradingsymbol: CRUDEOIL15OCT267450CE, symboltoken: 580385
    314. exchange: MCX, tradingsymbol: CRUDEOIL15OCT267450PE, symboltoken: 580536
    315. exchange: MCX, tradingsymbol: CRUDEOIL15OCT267500CE, symboltoken: 580384
    316. exchange: MCX, tradingsymbol: CRUDEOIL15OCT267500PE, symboltoken: 580535
    317. exchange: MCX, tradingsymbol: CRUDEOIL15OCT267550CE, symboltoken: 580383
    318. exchange: MCX, tradingsymbol: CRUDEOIL15OCT267550PE, symboltoken: 580534
    319. exchange: MCX, tradingsymbol: CRUDEOIL15OCT267600CE, symboltoken: 580382
    320. exchange: MCX, tradingsymbol: CRUDEOIL15OCT267600PE, symboltoken: 580533
    321. exchange: MCX, tradingsymbol: CRUDEOIL15OCT267650CE, symboltoken: 580381
    322. exchange: MCX, tradingsymbol: CRUDEOIL15OCT267650PE, symboltoken: 580532
    323. exchange: MCX, tradingsymbol: CRUDEOIL15OCT267700CE, symboltoken: 580380
    324. exchange: MCX, tradingsymbol: CRUDEOIL15OCT267700PE, symboltoken: 580531
    325. exchange: MCX, tradingsymbol: CRUDEOIL15OCT267750CE, symboltoken: 580373
    326. exchange: MCX, tradingsymbol: CRUDEOIL15OCT267750PE, symboltoken: 580374
    327. exchange: MCX, tradingsymbol: CRUDEOIL15OCT267800CE, symboltoken: 580455
    328. exchange: MCX, tradingsymbol: CRUDEOIL15OCT267800PE, symboltoken: 580606
    329. exchange: MCX, tradingsymbol: CRUDEOIL15OCT267850CE, symboltoken: 580456
    330. exchange: MCX, tradingsymbol: CRUDEOIL15OCT267850PE, symboltoken: 580607
    331. exchange: MCX, tradingsymbol: CRUDEOIL15OCT267900CE, symboltoken: 580457
    332. exchange: MCX, tradingsymbol: CRUDEOIL15OCT267900PE, symboltoken: 580608
    333. exchange: MCX, tradingsymbol: CRUDEOIL15OCT267950CE, symboltoken: 580458
    334. exchange: MCX, tradingsymbol: CRUDEOIL15OCT267950PE, symboltoken: 580609
    335. exchange: MCX, tradingsymbol: CRUDEOIL15OCT268000CE, symboltoken: 580459
    336. exchange: MCX, tradingsymbol: CRUDEOIL15OCT268000PE, symboltoken: 580610
    337. exchange: MCX, tradingsymbol: CRUDEOIL15OCT268050CE, symboltoken: 580460
    338. exchange: MCX, tradingsymbol: CRUDEOIL15OCT268050PE, symboltoken: 580611
    339. exchange: MCX, tradingsymbol: CRUDEOIL15OCT268100CE, symboltoken: 580461
    340. exchange: MCX, tradingsymbol: CRUDEOIL15OCT268100PE, symboltoken: 580612
    341. exchange: MCX, tradingsymbol: CRUDEOIL15OCT268150CE, symboltoken: 580462
    342. exchange: MCX, tradingsymbol: CRUDEOIL15OCT268150PE, symboltoken: 580613
    343. exchange: MCX, tradingsymbol: CRUDEOIL15OCT268200CE, symboltoken: 580463
    344. exchange: MCX, tradingsymbol: CRUDEOIL15OCT268200PE, symboltoken: 580614
    345. exchange: MCX, tradingsymbol: CRUDEOIL15OCT268250CE, symboltoken: 580464
    346. exchange: MCX, tradingsymbol: CRUDEOIL15OCT268250PE, symboltoken: 580615
    347. exchange: MCX, tradingsymbol: CRUDEOIL15OCT268300CE, symboltoken: 580465
    348. exchange: MCX, tradingsymbol: CRUDEOIL15OCT268300PE, symboltoken: 580616
    349. exchange: MCX, tradingsymbol: CRUDEOIL15OCT268350CE, symboltoken: 580466
    350. exchange: MCX, tradingsymbol: CRUDEOIL15OCT268350PE, symboltoken: 580617
    351. exchange: MCX, tradingsymbol: CRUDEOIL15OCT268400CE, symboltoken: 580467
    352. exchange: MCX, tradingsymbol: CRUDEOIL15OCT268400PE, symboltoken: 580618
    353. exchange: MCX, tradingsymbol: CRUDEOIL15OCT268450CE, symboltoken: 580468
    354. exchange: MCX, tradingsymbol: CRUDEOIL15OCT268450PE, symboltoken: 580619
    355. exchange: MCX, tradingsymbol: CRUDEOIL15OCT268500CE, symboltoken: 580469
    356. exchange: MCX, tradingsymbol: CRUDEOIL15OCT268500PE, symboltoken: 580620
    357. exchange: MCX, tradingsymbol: CRUDEOIL15OCT268550CE, symboltoken: 580470
    358. exchange: MCX, tradingsymbol: CRUDEOIL15OCT268550PE, symboltoken: 580621
    359. exchange: MCX, tradingsymbol: CRUDEOIL15OCT268600CE, symboltoken: 580471
    360. exchange: MCX, tradingsymbol: CRUDEOIL15OCT268600PE, symboltoken: 580622
    361. exchange: MCX, tradingsymbol: CRUDEOIL15OCT268650CE, symboltoken: 580472
    362. exchange: MCX, tradingsymbol: CRUDEOIL15OCT268650PE, symboltoken: 580623
    363. exchange: MCX, tradingsymbol: CRUDEOIL15OCT268700CE, symboltoken: 580473
    364. exchange: MCX, tradingsymbol: CRUDEOIL15OCT268700PE, symboltoken: 580624
    365. exchange: MCX, tradingsymbol: CRUDEOIL15OCT268750CE, symboltoken: 580474
    366. exchange: MCX, tradingsymbol: CRUDEOIL15OCT268750PE, symboltoken: 580625
    367. exchange: MCX, tradingsymbol: CRUDEOIL15OCT268800CE, symboltoken: 580475
    368. exchange: MCX, tradingsymbol: CRUDEOIL15OCT268800PE, symboltoken: 580626
    369. exchange: MCX, tradingsymbol: CRUDEOIL15OCT268850CE, symboltoken: 580476
    370. exchange: MCX, tradingsymbol: CRUDEOIL15OCT268850PE, symboltoken: 580627
    371. exchange: MCX, tradingsymbol: CRUDEOIL15OCT268900CE, symboltoken: 580477
    372. exchange: MCX, tradingsymbol: CRUDEOIL15OCT268900PE, symboltoken: 580628
    373. exchange: MCX, tradingsymbol: CRUDEOIL15OCT268950CE, symboltoken: 580478
    374. exchange: MCX, tradingsymbol: CRUDEOIL15OCT268950PE, symboltoken: 580629
    375. exchange: MCX, tradingsymbol: CRUDEOIL15OCT269000CE, symboltoken: 580479
    376. exchange: MCX, tradingsymbol: CRUDEOIL15OCT269000PE, symboltoken: 580630
    377. exchange: MCX, tradingsymbol: CRUDEOIL15OCT269050CE, symboltoken: 580480
    378. exchange: MCX, tradingsymbol: CRUDEOIL15OCT269050PE, symboltoken: 580631
    379. exchange: MCX, tradingsymbol: CRUDEOIL15OCT269100CE, symboltoken: 580481
    380. exchange: MCX, tradingsymbol: CRUDEOIL15OCT269100PE, symboltoken: 580632
    381. exchange: MCX, tradingsymbol: CRUDEOIL15OCT269150CE, symboltoken: 580482
    382. exchange: MCX, tradingsymbol: CRUDEOIL15OCT269150PE, symboltoken: 580633
    383. exchange: MCX, tradingsymbol: CRUDEOIL15OCT269200CE, symboltoken: 580483
    384. exchange: MCX, tradingsymbol: CRUDEOIL15OCT269200PE, symboltoken: 580634
    385. exchange: MCX, tradingsymbol: CRUDEOIL15OCT269250CE, symboltoken: 580484
    386. exchange: MCX, tradingsymbol: CRUDEOIL15OCT269250PE, symboltoken: 580635
    387. exchange: MCX, tradingsymbol: CRUDEOIL15OCT269300CE, symboltoken: 580485
    388. exchange: MCX, tradingsymbol: CRUDEOIL15OCT269300PE, symboltoken: 580636
    389. exchange: MCX, tradingsymbol: CRUDEOIL15OCT269350CE, symboltoken: 580486
    390. exchange: MCX, tradingsymbol: CRUDEOIL15OCT269350PE, symboltoken: 580637
    391. exchange: MCX, tradingsymbol: CRUDEOIL15OCT269400CE, symboltoken: 580487
    392. exchange: MCX, tradingsymbol: CRUDEOIL15OCT269400PE, symboltoken: 580638
    393. exchange: MCX, tradingsymbol: CRUDEOIL15OCT269450CE, symboltoken: 580488
    394. exchange: MCX, tradingsymbol: CRUDEOIL15OCT269450PE, symboltoken: 580639
    395. exchange: MCX, tradingsymbol: CRUDEOIL15OCT269500CE, symboltoken: 580489
    396. exchange: MCX, tradingsymbol: CRUDEOIL15OCT269500PE, symboltoken: 580640
    397. exchange: MCX, tradingsymbol: CRUDEOIL15OCT269550CE, symboltoken: 580490
    398. exchange: MCX, tradingsymbol: CRUDEOIL15OCT269550PE, symboltoken: 580641
    399. exchange: MCX, tradingsymbol: CRUDEOIL15OCT269600CE, symboltoken: 580491
    400. exchange: MCX, tradingsymbol: CRUDEOIL15OCT269600PE, symboltoken: 580642
    401. exchange: MCX, tradingsymbol: CRUDEOIL15OCT269650CE, symboltoken: 580492
    402. exchange: MCX, tradingsymbol: CRUDEOIL15OCT269650PE, symboltoken: 580643
    403. exchange: MCX, tradingsymbol: CRUDEOIL15OCT269700CE, symboltoken: 580493
    404. exchange: MCX, tradingsymbol: CRUDEOIL15OCT269700PE, symboltoken: 580644
    405. exchange: MCX, tradingsymbol: CRUDEOIL15OCT269750CE, symboltoken: 580494
    406. exchange: MCX, tradingsymbol: CRUDEOIL15OCT269750PE, symboltoken: 580645
    407. exchange: MCX, tradingsymbol: CRUDEOIL15OCT269800CE, symboltoken: 580495
    408. exchange: MCX, tradingsymbol: CRUDEOIL15OCT269800PE, symboltoken: 580646
    409. exchange: MCX, tradingsymbol: CRUDEOIL15OCT269850CE, symboltoken: 580496
    410. exchange: MCX, tradingsymbol: CRUDEOIL15OCT269850PE, symboltoken: 580647
    411. exchange: MCX, tradingsymbol: CRUDEOIL15OCT269900CE, symboltoken: 580497
    412. exchange: MCX, tradingsymbol: CRUDEOIL15OCT269900PE, symboltoken: 580648
    413. exchange: MCX, tradingsymbol: CRUDEOIL15OCT269950CE, symboltoken: 580498
    414. exchange: MCX, tradingsymbol: CRUDEOIL15OCT269950PE, symboltoken: 580649
    415. exchange: MCX, tradingsymbol: CRUDEOIL17DEC27FUT, symboltoken: 584777
    416. exchange: MCX, tradingsymbol: CRUDEOIL17NOV2610000CE, symboltoken: 582950
    417. exchange: MCX, tradingsymbol: CRUDEOIL17NOV2610000PE, symboltoken: 583100
    418. exchange: MCX, tradingsymbol: CRUDEOIL17NOV2610050CE, symboltoken: 582951
    419. exchange: MCX, tradingsymbol: CRUDEOIL17NOV2610050PE, symboltoken: 583101
    420. exchange: MCX, tradingsymbol: CRUDEOIL17NOV2610100CE, symboltoken: 582952
    421. exchange: MCX, tradingsymbol: CRUDEOIL17NOV2610100PE, symboltoken: 583102
    422. exchange: MCX, tradingsymbol: CRUDEOIL17NOV2610150CE, symboltoken: 582953
    423. exchange: MCX, tradingsymbol: CRUDEOIL17NOV2610150PE, symboltoken: 583103
    424. exchange: MCX, tradingsymbol: CRUDEOIL17NOV2610200CE, symboltoken: 582954
    425. exchange: MCX, tradingsymbol: CRUDEOIL17NOV2610200PE, symboltoken: 583104
    426. exchange: MCX, tradingsymbol: CRUDEOIL17NOV2610250CE, symboltoken: 582955
    427. exchange: MCX, tradingsymbol: CRUDEOIL17NOV2610250PE, symboltoken: 583105
    428. exchange: MCX, tradingsymbol: CRUDEOIL17NOV2610300CE, symboltoken: 582956
    429. exchange: MCX, tradingsymbol: CRUDEOIL17NOV2610300PE, symboltoken: 583106
    430. exchange: MCX, tradingsymbol: CRUDEOIL17NOV2610350CE, symboltoken: 582957
    431. exchange: MCX, tradingsymbol: CRUDEOIL17NOV2610350PE, symboltoken: 583107
    432. exchange: MCX, tradingsymbol: CRUDEOIL17NOV2610400CE, symboltoken: 582958
    433. exchange: MCX, tradingsymbol: CRUDEOIL17NOV2610400PE, symboltoken: 583108
    434. exchange: MCX, tradingsymbol: CRUDEOIL17NOV2610450CE, symboltoken: 582959
    435. exchange: MCX, tradingsymbol: CRUDEOIL17NOV2610450PE, symboltoken: 583109
    436. exchange: MCX, tradingsymbol: CRUDEOIL17NOV2610500CE, symboltoken: 582960
    437. exchange: MCX, tradingsymbol: CRUDEOIL17NOV2610500PE, symboltoken: 583110
    438. exchange: MCX, tradingsymbol: CRUDEOIL17NOV2610550CE, symboltoken: 582961
    439. exchange: MCX, tradingsymbol: CRUDEOIL17NOV2610550PE, symboltoken: 583111
    440. exchange: MCX, tradingsymbol: CRUDEOIL17NOV2610600CE, symboltoken: 582962
    441. exchange: MCX, tradingsymbol: CRUDEOIL17NOV2610600PE, symboltoken: 583112
    442. exchange: MCX, tradingsymbol: CRUDEOIL17NOV2610650CE, symboltoken: 582963
    443. exchange: MCX, tradingsymbol: CRUDEOIL17NOV2610650PE, symboltoken: 583113
    444. exchange: MCX, tradingsymbol: CRUDEOIL17NOV2610700CE, symboltoken: 582964
    445. exchange: MCX, tradingsymbol: CRUDEOIL17NOV2610700PE, symboltoken: 583114
    446. exchange: MCX, tradingsymbol: CRUDEOIL17NOV2610750CE, symboltoken: 582965
    447. exchange: MCX, tradingsymbol: CRUDEOIL17NOV2610750PE, symboltoken: 583115
    448. exchange: MCX, tradingsymbol: CRUDEOIL17NOV2610800CE, symboltoken: 582966
    449. exchange: MCX, tradingsymbol: CRUDEOIL17NOV2610800PE, symboltoken: 583116
    450. exchange: MCX, tradingsymbol: CRUDEOIL17NOV2610850CE, symboltoken: 582967
    451. exchange: MCX, tradingsymbol: CRUDEOIL17NOV2610850PE, symboltoken: 583117
    452. exchange: MCX, tradingsymbol: CRUDEOIL17NOV2610900CE, symboltoken: 582968
    453. exchange: MCX, tradingsymbol: CRUDEOIL17NOV2610900PE, symboltoken: 583118
    454. exchange: MCX, tradingsymbol: CRUDEOIL17NOV2610950CE, symboltoken: 582969
    455. exchange: MCX, tradingsymbol: CRUDEOIL17NOV2610950PE, symboltoken: 583119
    456. exchange: MCX, tradingsymbol: CRUDEOIL17NOV2611000CE, symboltoken: 582970
    457. exchange: MCX, tradingsymbol: CRUDEOIL17NOV2611000PE, symboltoken: 583120
    458. exchange: MCX, tradingsymbol: CRUDEOIL17NOV2611050CE, symboltoken: 582971
    459. exchange: MCX, tradingsymbol: CRUDEOIL17NOV2611050PE, symboltoken: 583121
    460. exchange: MCX, tradingsymbol: CRUDEOIL17NOV2611100CE, symboltoken: 582972
    461. exchange: MCX, tradingsymbol: CRUDEOIL17NOV2611100PE, symboltoken: 583122
    462. exchange: MCX, tradingsymbol: CRUDEOIL17NOV2611150CE, symboltoken: 582973
    463. exchange: MCX, tradingsymbol: CRUDEOIL17NOV2611150PE, symboltoken: 583123
    464. exchange: MCX, tradingsymbol: CRUDEOIL17NOV2611200CE, symboltoken: 582974
    465. exchange: MCX, tradingsymbol: CRUDEOIL17NOV2611200PE, symboltoken: 583124
    466. exchange: MCX, tradingsymbol: CRUDEOIL17NOV2611250CE, symboltoken: 582975
    467. exchange: MCX, tradingsymbol: CRUDEOIL17NOV2611250PE, symboltoken: 583125
    468. exchange: MCX, tradingsymbol: CRUDEOIL17NOV2611300CE, symboltoken: 582976
    469. exchange: MCX, tradingsymbol: CRUDEOIL17NOV2611300PE, symboltoken: 583126
    470. exchange: MCX, tradingsymbol: CRUDEOIL17NOV2611350CE, symboltoken: 582977
    471. exchange: MCX, tradingsymbol: CRUDEOIL17NOV2611350PE, symboltoken: 583127
    472. exchange: MCX, tradingsymbol: CRUDEOIL17NOV2611400CE, symboltoken: 582978
    473. exchange: MCX, tradingsymbol: CRUDEOIL17NOV2611400PE, symboltoken: 583128
    474. exchange: MCX, tradingsymbol: CRUDEOIL17NOV2611450CE, symboltoken: 582979
    475. exchange: MCX, tradingsymbol: CRUDEOIL17NOV2611450PE, symboltoken: 583129
    476. exchange: MCX, tradingsymbol: CRUDEOIL17NOV2611500CE, symboltoken: 582980
    477. exchange: MCX, tradingsymbol: CRUDEOIL17NOV2611500PE, symboltoken: 583130
    478. exchange: MCX, tradingsymbol: CRUDEOIL17NOV2611550CE, symboltoken: 582981
    479. exchange: MCX, tradingsymbol: CRUDEOIL17NOV2611550PE, symboltoken: 583131
    480. exchange: MCX, tradingsymbol: CRUDEOIL17NOV2611600CE, symboltoken: 582982
    481. exchange: MCX, tradingsymbol: CRUDEOIL17NOV2611600PE, symboltoken: 583132
    482. exchange: MCX, tradingsymbol: CRUDEOIL17NOV2611650CE, symboltoken: 582983
    483. exchange: MCX, tradingsymbol: CRUDEOIL17NOV2611650PE, symboltoken: 583133
    484. exchange: MCX, tradingsymbol: CRUDEOIL17NOV2611700CE, symboltoken: 583482
    485. exchange: MCX, tradingsymbol: CRUDEOIL17NOV2611700PE, symboltoken: 583484
    486. exchange: MCX, tradingsymbol: CRUDEOIL17NOV2611750CE, symboltoken: 583483
    487. exchange: MCX, tradingsymbol: CRUDEOIL17NOV2611750PE, symboltoken: 583485
    488. exchange: MCX, tradingsymbol: CRUDEOIL17NOV2611800CE, symboltoken: 584458
    489. exchange: MCX, tradingsymbol: CRUDEOIL17NOV2611800PE, symboltoken: 584463
    490. exchange: MCX, tradingsymbol: CRUDEOIL17NOV2611850CE, symboltoken: 584459
    491. exchange: MCX, tradingsymbol: CRUDEOIL17NOV2611850PE, symboltoken: 584464
    492. exchange: MCX, tradingsymbol: CRUDEOIL17NOV2611900CE, symboltoken: 584460
    493. exchange: MCX, tradingsymbol: CRUDEOIL17NOV2611900PE, symboltoken: 584465
    494. exchange: MCX, tradingsymbol: CRUDEOIL17NOV2611950CE, symboltoken: 584730
    495. exchange: MCX, tradingsymbol: CRUDEOIL17NOV2611950PE, symboltoken: 584736
    496. exchange: MCX, tradingsymbol: CRUDEOIL17NOV2612000CE, symboltoken: 584763
    497. exchange: MCX, tradingsymbol: CRUDEOIL17NOV2612000PE, symboltoken: 584764
    498. exchange: MCX, tradingsymbol: CRUDEOIL17NOV2612050CE, symboltoken: 584800
    499. exchange: MCX, tradingsymbol: CRUDEOIL17NOV2612050PE, symboltoken: 584818
    500. exchange: MCX, tradingsymbol: CRUDEOIL17NOV2612100CE, symboltoken: 584801
    501. exchange: MCX, tradingsymbol: CRUDEOIL17NOV2612100PE, symboltoken: 584819
    502. exchange: MCX, tradingsymbol: CRUDEOIL17NOV2612150CE, symboltoken: 584802
    503. exchange: MCX, tradingsymbol: CRUDEOIL17NOV2612150PE, symboltoken: 584820
    504. exchange: MCX, tradingsymbol: CRUDEOIL17NOV2612200CE, symboltoken: 584803
    505. exchange: MCX, tradingsymbol: CRUDEOIL17NOV2612200PE, symboltoken: 584821
    506. exchange: MCX, tradingsymbol: CRUDEOIL17NOV2612250CE, symboltoken: 584804
    507. exchange: MCX, tradingsymbol: CRUDEOIL17NOV2612250PE, symboltoken: 584822
    508. exchange: MCX, tradingsymbol: CRUDEOIL17NOV2612300CE, symboltoken: 584896
    509. exchange: MCX, tradingsymbol: CRUDEOIL17NOV2612300PE, symboltoken: 584928
    510. exchange: MCX, tradingsymbol: CRUDEOIL17NOV2612350CE, symboltoken: 584897
    511. exchange: MCX, tradingsymbol: CRUDEOIL17NOV2612350PE, symboltoken: 584929
    512. exchange: MCX, tradingsymbol: CRUDEOIL17NOV2612400CE, symboltoken: 584898
    513. exchange: MCX, tradingsymbol: CRUDEOIL17NOV2612400PE, symboltoken: 584930
    514. exchange: MCX, tradingsymbol: CRUDEOIL17NOV2612450CE, symboltoken: 584899
    515. exchange: MCX, tradingsymbol: CRUDEOIL17NOV2612450PE, symboltoken: 584931
    516. exchange: MCX, tradingsymbol: CRUDEOIL17NOV2612500CE, symboltoken: 584900
    517. exchange: MCX, tradingsymbol: CRUDEOIL17NOV2612500PE, symboltoken: 584932
    518. exchange: MCX, tradingsymbol: CRUDEOIL17NOV2612550CE, symboltoken: 584901
    519. exchange: MCX, tradingsymbol: CRUDEOIL17NOV2612550PE, symboltoken: 584933
    520. exchange: MCX, tradingsymbol: CRUDEOIL17NOV2612600CE, symboltoken: 584902
    521. exchange: MCX, tradingsymbol: CRUDEOIL17NOV2612600PE, symboltoken: 584934
    522. exchange: MCX, tradingsymbol: CRUDEOIL17NOV2612650CE, symboltoken: 584903
    523. exchange: MCX, tradingsymbol: CRUDEOIL17NOV2612650PE, symboltoken: 584935
    524. exchange: MCX, tradingsymbol: CRUDEOIL17NOV2612700CE, symboltoken: 584904
    525. exchange: MCX, tradingsymbol: CRUDEOIL17NOV2612700PE, symboltoken: 584936
    526. exchange: MCX, tradingsymbol: CRUDEOIL17NOV2612750CE, symboltoken: 585054
    527. exchange: MCX, tradingsymbol: CRUDEOIL17NOV2612750PE, symboltoken: 585079
    528. exchange: MCX, tradingsymbol: CRUDEOIL17NOV2612800CE, symboltoken: 585055
    529. exchange: MCX, tradingsymbol: CRUDEOIL17NOV2612800PE, symboltoken: 585080
    530. exchange: MCX, tradingsymbol: CRUDEOIL17NOV2612850CE, symboltoken: 585056
    531. exchange: MCX, tradingsymbol: CRUDEOIL17NOV2612850PE, symboltoken: 585081
    532. exchange: MCX, tradingsymbol: CRUDEOIL17NOV2612900CE, symboltoken: 585057
    533. exchange: MCX, tradingsymbol: CRUDEOIL17NOV2612900PE, symboltoken: 585082
    534. exchange: MCX, tradingsymbol: CRUDEOIL17NOV2612950CE, symboltoken: 585058
    535. exchange: MCX, tradingsymbol: CRUDEOIL17NOV2612950PE, symboltoken: 585083
    536. exchange: MCX, tradingsymbol: CRUDEOIL17NOV2613000CE, symboltoken: 585059
    537. exchange: MCX, tradingsymbol: CRUDEOIL17NOV2613000PE, symboltoken: 585084
    538. exchange: MCX, tradingsymbol: CRUDEOIL17NOV2613050CE, symboltoken: 585060
    539. exchange: MCX, tradingsymbol: CRUDEOIL17NOV2613050PE, symboltoken: 585085
    540. exchange: MCX, tradingsymbol: CRUDEOIL17NOV263850CE, symboltoken: 583805
    541. exchange: MCX, tradingsymbol: CRUDEOIL17NOV263850PE, symboltoken: 583810
    542. exchange: MCX, tradingsymbol: CRUDEOIL17NOV263900CE, symboltoken: 583804
    543. exchange: MCX, tradingsymbol: CRUDEOIL17NOV263900PE, symboltoken: 583809
    544. exchange: MCX, tradingsymbol: CRUDEOIL17NOV263950CE, symboltoken: 583803
    545. exchange: MCX, tradingsymbol: CRUDEOIL17NOV263950PE, symboltoken: 583808
    546. exchange: MCX, tradingsymbol: CRUDEOIL17NOV264000CE, symboltoken: 583802
    547. exchange: MCX, tradingsymbol: CRUDEOIL17NOV264000PE, symboltoken: 583807
    548. exchange: MCX, tradingsymbol: CRUDEOIL17NOV264050CE, symboltoken: 583801
    549. exchange: MCX, tradingsymbol: CRUDEOIL17NOV264050PE, symboltoken: 583806
    550. exchange: MCX, tradingsymbol: CRUDEOIL17NOV264100CE, symboltoken: 583745
    551. exchange: MCX, tradingsymbol: CRUDEOIL17NOV264100PE, symboltoken: 583746
    552. exchange: MCX, tradingsymbol: CRUDEOIL17NOV264150CE, symboltoken: 582908
    553. exchange: MCX, tradingsymbol: CRUDEOIL17NOV264150PE, symboltoken: 583058
    554. exchange: MCX, tradingsymbol: CRUDEOIL17NOV264200CE, symboltoken: 582907
    555. exchange: MCX, tradingsymbol: CRUDEOIL17NOV264200PE, symboltoken: 583057
    556. exchange: MCX, tradingsymbol: CRUDEOIL17NOV264250CE, symboltoken: 582906
    557. exchange: MCX, tradingsymbol: CRUDEOIL17NOV264250PE, symboltoken: 583056
    558. exchange: MCX, tradingsymbol: CRUDEOIL17NOV264300CE, symboltoken: 582905
    559. exchange: MCX, tradingsymbol: CRUDEOIL17NOV264300PE, symboltoken: 583055
    560. exchange: MCX, tradingsymbol: CRUDEOIL17NOV264350CE, symboltoken: 582904
    561. exchange: MCX, tradingsymbol: CRUDEOIL17NOV264350PE, symboltoken: 583054
    562. exchange: MCX, tradingsymbol: CRUDEOIL17NOV264400CE, symboltoken: 582903
    563. exchange: MCX, tradingsymbol: CRUDEOIL17NOV264400PE, symboltoken: 583053
    564. exchange: MCX, tradingsymbol: CRUDEOIL17NOV264450CE, symboltoken: 582902
    565. exchange: MCX, tradingsymbol: CRUDEOIL17NOV264450PE, symboltoken: 583052
    566. exchange: MCX, tradingsymbol: CRUDEOIL17NOV264500CE, symboltoken: 582901
    567. exchange: MCX, tradingsymbol: CRUDEOIL17NOV264500PE, symboltoken: 583051
    568. exchange: MCX, tradingsymbol: CRUDEOIL17NOV264550CE, symboltoken: 582900
    569. exchange: MCX, tradingsymbol: CRUDEOIL17NOV264550PE, symboltoken: 583050
    570. exchange: MCX, tradingsymbol: CRUDEOIL17NOV264600CE, symboltoken: 582899
    571. exchange: MCX, tradingsymbol: CRUDEOIL17NOV264600PE, symboltoken: 583049
    572. exchange: MCX, tradingsymbol: CRUDEOIL17NOV264650CE, symboltoken: 582898
    573. exchange: MCX, tradingsymbol: CRUDEOIL17NOV264650PE, symboltoken: 583048
    574. exchange: MCX, tradingsymbol: CRUDEOIL17NOV264700CE, symboltoken: 582897
    575. exchange: MCX, tradingsymbol: CRUDEOIL17NOV264700PE, symboltoken: 583047
    576. exchange: MCX, tradingsymbol: CRUDEOIL17NOV264750CE, symboltoken: 582896
    577. exchange: MCX, tradingsymbol: CRUDEOIL17NOV264750PE, symboltoken: 583046
    578. exchange: MCX, tradingsymbol: CRUDEOIL17NOV264800CE, symboltoken: 582895
    579. exchange: MCX, tradingsymbol: CRUDEOIL17NOV264800PE, symboltoken: 583045
    580. exchange: MCX, tradingsymbol: CRUDEOIL17NOV264850CE, symboltoken: 582894
    581. exchange: MCX, tradingsymbol: CRUDEOIL17NOV264850PE, symboltoken: 583044
    582. exchange: MCX, tradingsymbol: CRUDEOIL17NOV264900CE, symboltoken: 582893
    583. exchange: MCX, tradingsymbol: CRUDEOIL17NOV264900PE, symboltoken: 583043
    584. exchange: MCX, tradingsymbol: CRUDEOIL17NOV264950CE, symboltoken: 582892
    585. exchange: MCX, tradingsymbol: CRUDEOIL17NOV264950PE, symboltoken: 583042
    586. exchange: MCX, tradingsymbol: CRUDEOIL17NOV265000CE, symboltoken: 582891
    587. exchange: MCX, tradingsymbol: CRUDEOIL17NOV265000PE, symboltoken: 583041
    588. exchange: MCX, tradingsymbol: CRUDEOIL17NOV265050CE, symboltoken: 582890
    589. exchange: MCX, tradingsymbol: CRUDEOIL17NOV265050PE, symboltoken: 583040
    590. exchange: MCX, tradingsymbol: CRUDEOIL17NOV265100CE, symboltoken: 582889
    591. exchange: MCX, tradingsymbol: CRUDEOIL17NOV265100PE, symboltoken: 583039
    592. exchange: MCX, tradingsymbol: CRUDEOIL17NOV265150CE, symboltoken: 582888
    593. exchange: MCX, tradingsymbol: CRUDEOIL17NOV265150PE, symboltoken: 583038
    594. exchange: MCX, tradingsymbol: CRUDEOIL17NOV265200CE, symboltoken: 582887
    595. exchange: MCX, tradingsymbol: CRUDEOIL17NOV265200PE, symboltoken: 583037
    596. exchange: MCX, tradingsymbol: CRUDEOIL17NOV265250CE, symboltoken: 582886
    597. exchange: MCX, tradingsymbol: CRUDEOIL17NOV265250PE, symboltoken: 583036
    598. exchange: MCX, tradingsymbol: CRUDEOIL17NOV265300CE, symboltoken: 582885
    599. exchange: MCX, tradingsymbol: CRUDEOIL17NOV265300PE, symboltoken: 583035
    600. exchange: MCX, tradingsymbol: CRUDEOIL17NOV265350CE, symboltoken: 582884
    601. exchange: MCX, tradingsymbol: CRUDEOIL17NOV265350PE, symboltoken: 583034
    602. exchange: MCX, tradingsymbol: CRUDEOIL17NOV265400CE, symboltoken: 582883
    603. exchange: MCX, tradingsymbol: CRUDEOIL17NOV265400PE, symboltoken: 583033
    604. exchange: MCX, tradingsymbol: CRUDEOIL17NOV265450CE, symboltoken: 582882
    605. exchange: MCX, tradingsymbol: CRUDEOIL17NOV265450PE, symboltoken: 583032
    606. exchange: MCX, tradingsymbol: CRUDEOIL17NOV265500CE, symboltoken: 582881
    607. exchange: MCX, tradingsymbol: CRUDEOIL17NOV265500PE, symboltoken: 583031
    608. exchange: MCX, tradingsymbol: CRUDEOIL17NOV265550CE, symboltoken: 582880
    609. exchange: MCX, tradingsymbol: CRUDEOIL17NOV265550PE, symboltoken: 583030
    610. exchange: MCX, tradingsymbol: CRUDEOIL17NOV265600CE, symboltoken: 582879
    611. exchange: MCX, tradingsymbol: CRUDEOIL17NOV265600PE, symboltoken: 583029
    612. exchange: MCX, tradingsymbol: CRUDEOIL17NOV265650CE, symboltoken: 582878
    613. exchange: MCX, tradingsymbol: CRUDEOIL17NOV265650PE, symboltoken: 583028
    614. exchange: MCX, tradingsymbol: CRUDEOIL17NOV265700CE, symboltoken: 582877
    615. exchange: MCX, tradingsymbol: CRUDEOIL17NOV265700PE, symboltoken: 583027
    616. exchange: MCX, tradingsymbol: CRUDEOIL17NOV265750CE, symboltoken: 582876
    617. exchange: MCX, tradingsymbol: CRUDEOIL17NOV265750PE, symboltoken: 583026
    618. exchange: MCX, tradingsymbol: CRUDEOIL17NOV265800CE, symboltoken: 582875
    619. exchange: MCX, tradingsymbol: CRUDEOIL17NOV265800PE, symboltoken: 583025
    620. exchange: MCX, tradingsymbol: CRUDEOIL17NOV265850CE, symboltoken: 582874
    621. exchange: MCX, tradingsymbol: CRUDEOIL17NOV265850PE, symboltoken: 583024
    622. exchange: MCX, tradingsymbol: CRUDEOIL17NOV265900CE, symboltoken: 582873
    623. exchange: MCX, tradingsymbol: CRUDEOIL17NOV265900PE, symboltoken: 583023
    624. exchange: MCX, tradingsymbol: CRUDEOIL17NOV265950CE, symboltoken: 582872
    625. exchange: MCX, tradingsymbol: CRUDEOIL17NOV265950PE, symboltoken: 583022
    626. exchange: MCX, tradingsymbol: CRUDEOIL17NOV266000CE, symboltoken: 582871
    627. exchange: MCX, tradingsymbol: CRUDEOIL17NOV266000PE, symboltoken: 583021
    628. exchange: MCX, tradingsymbol: CRUDEOIL17NOV266050CE, symboltoken: 582870
    629. exchange: MCX, tradingsymbol: CRUDEOIL17NOV266050PE, symboltoken: 583020
    630. exchange: MCX, tradingsymbol: CRUDEOIL17NOV266100CE, symboltoken: 582869
    631. exchange: MCX, tradingsymbol: CRUDEOIL17NOV266100PE, symboltoken: 583019
    632. exchange: MCX, tradingsymbol: CRUDEOIL17NOV266150CE, symboltoken: 582868
    633. exchange: MCX, tradingsymbol: CRUDEOIL17NOV266150PE, symboltoken: 583018
    634. exchange: MCX, tradingsymbol: CRUDEOIL17NOV266200CE, symboltoken: 582867
    635. exchange: MCX, tradingsymbol: CRUDEOIL17NOV266200PE, symboltoken: 583017
    636. exchange: MCX, tradingsymbol: CRUDEOIL17NOV266250CE, symboltoken: 582866
    637. exchange: MCX, tradingsymbol: CRUDEOIL17NOV266250PE, symboltoken: 583016
    638. exchange: MCX, tradingsymbol: CRUDEOIL17NOV266300CE, symboltoken: 582865
    639. exchange: MCX, tradingsymbol: CRUDEOIL17NOV266300PE, symboltoken: 583015
    640. exchange: MCX, tradingsymbol: CRUDEOIL17NOV266350CE, symboltoken: 582864
    641. exchange: MCX, tradingsymbol: CRUDEOIL17NOV266350PE, symboltoken: 583014
    642. exchange: MCX, tradingsymbol: CRUDEOIL17NOV266400CE, symboltoken: 582863
    643. exchange: MCX, tradingsymbol: CRUDEOIL17NOV266400PE, symboltoken: 583013
    644. exchange: MCX, tradingsymbol: CRUDEOIL17NOV266450CE, symboltoken: 582862
    645. exchange: MCX, tradingsymbol: CRUDEOIL17NOV266450PE, symboltoken: 583012
    646. exchange: MCX, tradingsymbol: CRUDEOIL17NOV266500CE, symboltoken: 582861
    647. exchange: MCX, tradingsymbol: CRUDEOIL17NOV266500PE, symboltoken: 583011
    648. exchange: MCX, tradingsymbol: CRUDEOIL17NOV266550CE, symboltoken: 582860
    649. exchange: MCX, tradingsymbol: CRUDEOIL17NOV266550PE, symboltoken: 583010
    650. exchange: MCX, tradingsymbol: CRUDEOIL17NOV266600CE, symboltoken: 582859
    651. exchange: MCX, tradingsymbol: CRUDEOIL17NOV266600PE, symboltoken: 583009
    652. exchange: MCX, tradingsymbol: CRUDEOIL17NOV266650CE, symboltoken: 582858
    653. exchange: MCX, tradingsymbol: CRUDEOIL17NOV266650PE, symboltoken: 583008
    654. exchange: MCX, tradingsymbol: CRUDEOIL17NOV266700CE, symboltoken: 582857
    655. exchange: MCX, tradingsymbol: CRUDEOIL17NOV266700PE, symboltoken: 583007
    656. exchange: MCX, tradingsymbol: CRUDEOIL17NOV266750CE, symboltoken: 582856
    657. exchange: MCX, tradingsymbol: CRUDEOIL17NOV266750PE, symboltoken: 583006
    658. exchange: MCX, tradingsymbol: CRUDEOIL17NOV266800CE, symboltoken: 582855
    659. exchange: MCX, tradingsymbol: CRUDEOIL17NOV266800PE, symboltoken: 583005
    660. exchange: MCX, tradingsymbol: CRUDEOIL17NOV266850CE, symboltoken: 582854
    661. exchange: MCX, tradingsymbol: CRUDEOIL17NOV266850PE, symboltoken: 583004
    662. exchange: MCX, tradingsymbol: CRUDEOIL17NOV266900CE, symboltoken: 582853
    663. exchange: MCX, tradingsymbol: CRUDEOIL17NOV266900PE, symboltoken: 583003
    664. exchange: MCX, tradingsymbol: CRUDEOIL17NOV266950CE, symboltoken: 582852
    665. exchange: MCX, tradingsymbol: CRUDEOIL17NOV266950PE, symboltoken: 583002
    666. exchange: MCX, tradingsymbol: CRUDEOIL17NOV267000CE, symboltoken: 582851
    667. exchange: MCX, tradingsymbol: CRUDEOIL17NOV267000PE, symboltoken: 583001
    668. exchange: MCX, tradingsymbol: CRUDEOIL17NOV267050CE, symboltoken: 582850
    669. exchange: MCX, tradingsymbol: CRUDEOIL17NOV267050PE, symboltoken: 583000
    670. exchange: MCX, tradingsymbol: CRUDEOIL17NOV267100CE, symboltoken: 582849
    671. exchange: MCX, tradingsymbol: CRUDEOIL17NOV267100PE, symboltoken: 582999
    672. exchange: MCX, tradingsymbol: CRUDEOIL17NOV267150CE, symboltoken: 582848
    673. exchange: MCX, tradingsymbol: CRUDEOIL17NOV267150PE, symboltoken: 582998
    674. exchange: MCX, tradingsymbol: CRUDEOIL17NOV267200CE, symboltoken: 582847
    675. exchange: MCX, tradingsymbol: CRUDEOIL17NOV267200PE, symboltoken: 582997
    676. exchange: MCX, tradingsymbol: CRUDEOIL17NOV267250CE, symboltoken: 582846
    677. exchange: MCX, tradingsymbol: CRUDEOIL17NOV267250PE, symboltoken: 582996
    678. exchange: MCX, tradingsymbol: CRUDEOIL17NOV267300CE, symboltoken: 582845
    679. exchange: MCX, tradingsymbol: CRUDEOIL17NOV267300PE, symboltoken: 582995
    680. exchange: MCX, tradingsymbol: CRUDEOIL17NOV267350CE, symboltoken: 582844
    681. exchange: MCX, tradingsymbol: CRUDEOIL17NOV267350PE, symboltoken: 582994
    682. exchange: MCX, tradingsymbol: CRUDEOIL17NOV267400CE, symboltoken: 582843
    683. exchange: MCX, tradingsymbol: CRUDEOIL17NOV267400PE, symboltoken: 582993
    684. exchange: MCX, tradingsymbol: CRUDEOIL17NOV267450CE, symboltoken: 582842
    685. exchange: MCX, tradingsymbol: CRUDEOIL17NOV267450PE, symboltoken: 582992
    686. exchange: MCX, tradingsymbol: CRUDEOIL17NOV267500CE, symboltoken: 582841
    687. exchange: MCX, tradingsymbol: CRUDEOIL17NOV267500PE, symboltoken: 582991
    688. exchange: MCX, tradingsymbol: CRUDEOIL17NOV267550CE, symboltoken: 582840
    689. exchange: MCX, tradingsymbol: CRUDEOIL17NOV267550PE, symboltoken: 582990
    690. exchange: MCX, tradingsymbol: CRUDEOIL17NOV267600CE, symboltoken: 582839
    691. exchange: MCX, tradingsymbol: CRUDEOIL17NOV267600PE, symboltoken: 582989
    692. exchange: MCX, tradingsymbol: CRUDEOIL17NOV267650CE, symboltoken: 582838
    693. exchange: MCX, tradingsymbol: CRUDEOIL17NOV267650PE, symboltoken: 582988
    694. exchange: MCX, tradingsymbol: CRUDEOIL17NOV267700CE, symboltoken: 582837
    695. exchange: MCX, tradingsymbol: CRUDEOIL17NOV267700PE, symboltoken: 582987
    696. exchange: MCX, tradingsymbol: CRUDEOIL17NOV267750CE, symboltoken: 582836
    697. exchange: MCX, tradingsymbol: CRUDEOIL17NOV267750PE, symboltoken: 582986
    698. exchange: MCX, tradingsymbol: CRUDEOIL17NOV267800CE, symboltoken: 582835
    699. exchange: MCX, tradingsymbol: CRUDEOIL17NOV267800PE, symboltoken: 582985
    700. exchange: MCX, tradingsymbol: CRUDEOIL17NOV267850CE, symboltoken: 582834
    701. exchange: MCX, tradingsymbol: CRUDEOIL17NOV267850PE, symboltoken: 582984
    702. exchange: MCX, tradingsymbol: CRUDEOIL17NOV267900CE, symboltoken: 582829
    703. exchange: MCX, tradingsymbol: CRUDEOIL17NOV267900PE, symboltoken: 582830
    704. exchange: MCX, tradingsymbol: CRUDEOIL17NOV267950CE, symboltoken: 582909
    705. exchange: MCX, tradingsymbol: CRUDEOIL17NOV267950PE, symboltoken: 583059
    706. exchange: MCX, tradingsymbol: CRUDEOIL17NOV268000CE, symboltoken: 582910
    707. exchange: MCX, tradingsymbol: CRUDEOIL17NOV268000PE, symboltoken: 583060
    708. exchange: MCX, tradingsymbol: CRUDEOIL17NOV268050CE, symboltoken: 582911
    709. exchange: MCX, tradingsymbol: CRUDEOIL17NOV268050PE, symboltoken: 583061
    710. exchange: MCX, tradingsymbol: CRUDEOIL17NOV268100CE, symboltoken: 582912
    711. exchange: MCX, tradingsymbol: CRUDEOIL17NOV268100PE, symboltoken: 583062
    712. exchange: MCX, tradingsymbol: CRUDEOIL17NOV268150CE, symboltoken: 582913
    713. exchange: MCX, tradingsymbol: CRUDEOIL17NOV268150PE, symboltoken: 583063
    714. exchange: MCX, tradingsymbol: CRUDEOIL17NOV268200CE, symboltoken: 582914
    715. exchange: MCX, tradingsymbol: CRUDEOIL17NOV268200PE, symboltoken: 583064
    716. exchange: MCX, tradingsymbol: CRUDEOIL17NOV268250CE, symboltoken: 582915
    717. exchange: MCX, tradingsymbol: CRUDEOIL17NOV268250PE, symboltoken: 583065
    718. exchange: MCX, tradingsymbol: CRUDEOIL17NOV268300CE, symboltoken: 582916
    719. exchange: MCX, tradingsymbol: CRUDEOIL17NOV268300PE, symboltoken: 583066
    720. exchange: MCX, tradingsymbol: CRUDEOIL17NOV268350CE, symboltoken: 582917
    721. exchange: MCX, tradingsymbol: CRUDEOIL17NOV268350PE, symboltoken: 583067
    722. exchange: MCX, tradingsymbol: CRUDEOIL17NOV268400CE, symboltoken: 582918
    723. exchange: MCX, tradingsymbol: CRUDEOIL17NOV268400PE, symboltoken: 583068
    724. exchange: MCX, tradingsymbol: CRUDEOIL17NOV268450CE, symboltoken: 582919
    725. exchange: MCX, tradingsymbol: CRUDEOIL17NOV268450PE, symboltoken: 583069
    726. exchange: MCX, tradingsymbol: CRUDEOIL17NOV268500CE, symboltoken: 582920
    727. exchange: MCX, tradingsymbol: CRUDEOIL17NOV268500PE, symboltoken: 583070
    728. exchange: MCX, tradingsymbol: CRUDEOIL17NOV268550CE, symboltoken: 582921
    729. exchange: MCX, tradingsymbol: CRUDEOIL17NOV268550PE, symboltoken: 583071
    730. exchange: MCX, tradingsymbol: CRUDEOIL17NOV268600CE, symboltoken: 582922
    731. exchange: MCX, tradingsymbol: CRUDEOIL17NOV268600PE, symboltoken: 583072
    732. exchange: MCX, tradingsymbol: CRUDEOIL17NOV268650CE, symboltoken: 582923
    733. exchange: MCX, tradingsymbol: CRUDEOIL17NOV268650PE, symboltoken: 583073
    734. exchange: MCX, tradingsymbol: CRUDEOIL17NOV268700CE, symboltoken: 582924
    735. exchange: MCX, tradingsymbol: CRUDEOIL17NOV268700PE, symboltoken: 583074
    736. exchange: MCX, tradingsymbol: CRUDEOIL17NOV268750CE, symboltoken: 582925
    737. exchange: MCX, tradingsymbol: CRUDEOIL17NOV268750PE, symboltoken: 583075
    738. exchange: MCX, tradingsymbol: CRUDEOIL17NOV268800CE, symboltoken: 582926
    739. exchange: MCX, tradingsymbol: CRUDEOIL17NOV268800PE, symboltoken: 583076
    740. exchange: MCX, tradingsymbol: CRUDEOIL17NOV268850CE, symboltoken: 582927
    741. exchange: MCX, tradingsymbol: CRUDEOIL17NOV268850PE, symboltoken: 583077
    742. exchange: MCX, tradingsymbol: CRUDEOIL17NOV268900CE, symboltoken: 582928
    743. exchange: MCX, tradingsymbol: CRUDEOIL17NOV268900PE, symboltoken: 583078
    744. exchange: MCX, tradingsymbol: CRUDEOIL17NOV268950CE, symboltoken: 582929
    745. exchange: MCX, tradingsymbol: CRUDEOIL17NOV268950PE, symboltoken: 583079
    746. exchange: MCX, tradingsymbol: CRUDEOIL17NOV269000CE, symboltoken: 582930
    747. exchange: MCX, tradingsymbol: CRUDEOIL17NOV269000PE, symboltoken: 583080
    748. exchange: MCX, tradingsymbol: CRUDEOIL17NOV269050CE, symboltoken: 582931
    749. exchange: MCX, tradingsymbol: CRUDEOIL17NOV269050PE, symboltoken: 583081
    750. exchange: MCX, tradingsymbol: CRUDEOIL17NOV269100CE, symboltoken: 582932
    751. exchange: MCX, tradingsymbol: CRUDEOIL17NOV269100PE, symboltoken: 583082
    752. exchange: MCX, tradingsymbol: CRUDEOIL17NOV269150CE, symboltoken: 582933
    753. exchange: MCX, tradingsymbol: CRUDEOIL17NOV269150PE, symboltoken: 583083
    754. exchange: MCX, tradingsymbol: CRUDEOIL17NOV269200CE, symboltoken: 582934
    755. exchange: MCX, tradingsymbol: CRUDEOIL17NOV269200PE, symboltoken: 583084
    756. exchange: MCX, tradingsymbol: CRUDEOIL17NOV269250CE, symboltoken: 582935
    757. exchange: MCX, tradingsymbol: CRUDEOIL17NOV269250PE, symboltoken: 583085
    758. exchange: MCX, tradingsymbol: CRUDEOIL17NOV269300CE, symboltoken: 582936
    759. exchange: MCX, tradingsymbol: CRUDEOIL17NOV269300PE, symboltoken: 583086
    760. exchange: MCX, tradingsymbol: CRUDEOIL17NOV269350CE, symboltoken: 582937
    761. exchange: MCX, tradingsymbol: CRUDEOIL17NOV269350PE, symboltoken: 583087
    762. exchange: MCX, tradingsymbol: CRUDEOIL17NOV269400CE, symboltoken: 582938
    763. exchange: MCX, tradingsymbol: CRUDEOIL17NOV269400PE, symboltoken: 583088
    764. exchange: MCX, tradingsymbol: CRUDEOIL17NOV269450CE, symboltoken: 582939
    765. exchange: MCX, tradingsymbol: CRUDEOIL17NOV269450PE, symboltoken: 583089
    766. exchange: MCX, tradingsymbol: CRUDEOIL17NOV269500CE, symboltoken: 582940
    767. exchange: MCX, tradingsymbol: CRUDEOIL17NOV269500PE, symboltoken: 583090
    768. exchange: MCX, tradingsymbol: CRUDEOIL17NOV269550CE, symboltoken: 582941
    769. exchange: MCX, tradingsymbol: CRUDEOIL17NOV269550PE, symboltoken: 583091
    770. exchange: MCX, tradingsymbol: CRUDEOIL17NOV269600CE, symboltoken: 582942
    771. exchange: MCX, tradingsymbol: CRUDEOIL17NOV269600PE, symboltoken: 583092
    772. exchange: MCX, tradingsymbol: CRUDEOIL17NOV269650CE, symboltoken: 582943
    773. exchange: MCX, tradingsymbol: CRUDEOIL17NOV269650PE, symboltoken: 583093
    774. exchange: MCX, tradingsymbol: CRUDEOIL17NOV269700CE, symboltoken: 582944
    775. exchange: MCX, tradingsymbol: CRUDEOIL17NOV269700PE, symboltoken: 583094
    776. exchange: MCX, tradingsymbol: CRUDEOIL17NOV269750CE, symboltoken: 582945
    777. exchange: MCX, tradingsymbol: CRUDEOIL17NOV269750PE, symboltoken: 583095
    778. exchange: MCX, tradingsymbol: CRUDEOIL17NOV269800CE, symboltoken: 582946
    779. exchange: MCX, tradingsymbol: CRUDEOIL17NOV269800PE, symboltoken: 583096
    780. exchange: MCX, tradingsymbol: CRUDEOIL17NOV269850CE, symboltoken: 582947
    781. exchange: MCX, tradingsymbol: CRUDEOIL17NOV269850PE, symboltoken: 583097
    782. exchange: MCX, tradingsymbol: CRUDEOIL17NOV269900CE, symboltoken: 582948
    783. exchange: MCX, tradingsymbol: CRUDEOIL17NOV269900PE, symboltoken: 583098
    784. exchange: MCX, tradingsymbol: CRUDEOIL17NOV269950CE, symboltoken: 582949
    785. exchange: MCX, tradingsymbol: CRUDEOIL17NOV269950PE, symboltoken: 583099
    786. exchange: MCX, tradingsymbol: CRUDEOIL17SEP2610000CE, symboltoken: 576408
    787. exchange: MCX, tradingsymbol: CRUDEOIL17SEP2610000PE, symboltoken: 576561
    788. exchange: MCX, tradingsymbol: CRUDEOIL17SEP2610050CE, symboltoken: 576409
    789. exchange: MCX, tradingsymbol: CRUDEOIL17SEP2610050PE, symboltoken: 576562
    790. exchange: MCX, tradingsymbol: CRUDEOIL17SEP2610100CE, symboltoken: 576410
    791. exchange: MCX, tradingsymbol: CRUDEOIL17SEP2610100PE, symboltoken: 576563
    792. exchange: MCX, tradingsymbol: CRUDEOIL17SEP2610150CE, symboltoken: 576411
    793. exchange: MCX, tradingsymbol: CRUDEOIL17SEP2610150PE, symboltoken: 576564
    794. exchange: MCX, tradingsymbol: CRUDEOIL17SEP2610200CE, symboltoken: 576412
    795. exchange: MCX, tradingsymbol: CRUDEOIL17SEP2610200PE, symboltoken: 576565
    796. exchange: MCX, tradingsymbol: CRUDEOIL17SEP2610250CE, symboltoken: 576413
    797. exchange: MCX, tradingsymbol: CRUDEOIL17SEP2610250PE, symboltoken: 576566
    798. exchange: MCX, tradingsymbol: CRUDEOIL17SEP2610300CE, symboltoken: 576414
    799. exchange: MCX, tradingsymbol: CRUDEOIL17SEP2610300PE, symboltoken: 576567
    800. exchange: MCX, tradingsymbol: CRUDEOIL17SEP2610350CE, symboltoken: 576415
    801. exchange: MCX, tradingsymbol: CRUDEOIL17SEP2610350PE, symboltoken: 576568
    802. exchange: MCX, tradingsymbol: CRUDEOIL17SEP2610400CE, symboltoken: 576416
    803. exchange: MCX, tradingsymbol: CRUDEOIL17SEP2610400PE, symboltoken: 576569
    804. exchange: MCX, tradingsymbol: CRUDEOIL17SEP2610450CE, symboltoken: 576417
    805. exchange: MCX, tradingsymbol: CRUDEOIL17SEP2610450PE, symboltoken: 576570
    806. exchange: MCX, tradingsymbol: CRUDEOIL17SEP2610500CE, symboltoken: 576418
    807. exchange: MCX, tradingsymbol: CRUDEOIL17SEP2610500PE, symboltoken: 576571
    808. exchange: MCX, tradingsymbol: CRUDEOIL17SEP2610550CE, symboltoken: 576419
    809. exchange: MCX, tradingsymbol: CRUDEOIL17SEP2610550PE, symboltoken: 576572
    810. exchange: MCX, tradingsymbol: CRUDEOIL17SEP2610600CE, symboltoken: 576420
    811. exchange: MCX, tradingsymbol: CRUDEOIL17SEP2610600PE, symboltoken: 576573
    812. exchange: MCX, tradingsymbol: CRUDEOIL17SEP2610650CE, symboltoken: 576421
    813. exchange: MCX, tradingsymbol: CRUDEOIL17SEP2610650PE, symboltoken: 576574
    814. exchange: MCX, tradingsymbol: CRUDEOIL17SEP2610700CE, symboltoken: 576422
    815. exchange: MCX, tradingsymbol: CRUDEOIL17SEP2610700PE, symboltoken: 576575
    816. exchange: MCX, tradingsymbol: CRUDEOIL17SEP2610750CE, symboltoken: 576887
    817. exchange: MCX, tradingsymbol: CRUDEOIL17SEP2610750PE, symboltoken: 576891
    818. exchange: MCX, tradingsymbol: CRUDEOIL17SEP2610800CE, symboltoken: 576888
    819. exchange: MCX, tradingsymbol: CRUDEOIL17SEP2610800PE, symboltoken: 576892
    820. exchange: MCX, tradingsymbol: CRUDEOIL17SEP2610850CE, symboltoken: 576889
    821. exchange: MCX, tradingsymbol: CRUDEOIL17SEP2610850PE, symboltoken: 576893
    822. exchange: MCX, tradingsymbol: CRUDEOIL17SEP2610900CE, symboltoken: 576890
    823. exchange: MCX, tradingsymbol: CRUDEOIL17SEP2610900PE, symboltoken: 576894
    824. exchange: MCX, tradingsymbol: CRUDEOIL17SEP2610950CE, symboltoken: 579085
    825. exchange: MCX, tradingsymbol: CRUDEOIL17SEP2610950PE, symboltoken: 579089
    826. exchange: MCX, tradingsymbol: CRUDEOIL17SEP2611000CE, symboltoken: 579086
    827. exchange: MCX, tradingsymbol: CRUDEOIL17SEP2611000PE, symboltoken: 579090
    828. exchange: MCX, tradingsymbol: CRUDEOIL17SEP2611050CE, symboltoken: 579087
    829. exchange: MCX, tradingsymbol: CRUDEOIL17SEP2611050PE, symboltoken: 579091
    830. exchange: MCX, tradingsymbol: CRUDEOIL17SEP2611100CE, symboltoken: 579088
    831. exchange: MCX, tradingsymbol: CRUDEOIL17SEP2611100PE, symboltoken: 579092
    832. exchange: MCX, tradingsymbol: CRUDEOIL17SEP2611150CE, symboltoken: 579292
    833. exchange: MCX, tradingsymbol: CRUDEOIL17SEP2611150PE, symboltoken: 579295
    834. exchange: MCX, tradingsymbol: CRUDEOIL17SEP2611200CE, symboltoken: 579293
    835. exchange: MCX, tradingsymbol: CRUDEOIL17SEP2611200PE, symboltoken: 579296
    836. exchange: MCX, tradingsymbol: CRUDEOIL17SEP2611250CE, symboltoken: 579294
    837. exchange: MCX, tradingsymbol: CRUDEOIL17SEP2611250PE, symboltoken: 579297
    838. exchange: MCX, tradingsymbol: CRUDEOIL17SEP2611300CE, symboltoken: 579314
    839. exchange: MCX, tradingsymbol: CRUDEOIL17SEP2611300PE, symboltoken: 579315
    840. exchange: MCX, tradingsymbol: CRUDEOIL17SEP2611350CE, symboltoken: 580247
    841. exchange: MCX, tradingsymbol: CRUDEOIL17SEP2611350PE, symboltoken: 580252
    842. exchange: MCX, tradingsymbol: CRUDEOIL17SEP2611400CE, symboltoken: 580248
    843. exchange: MCX, tradingsymbol: CRUDEOIL17SEP2611400PE, symboltoken: 580253
    844. exchange: MCX, tradingsymbol: CRUDEOIL17SEP2611450CE, symboltoken: 580249
    845. exchange: MCX, tradingsymbol: CRUDEOIL17SEP2611450PE, symboltoken: 580254
    846. exchange: MCX, tradingsymbol: CRUDEOIL17SEP2611500CE, symboltoken: 580250
    847. exchange: MCX, tradingsymbol: CRUDEOIL17SEP2611500PE, symboltoken: 580255
    848. exchange: MCX, tradingsymbol: CRUDEOIL17SEP2611550CE, symboltoken: 580251
    849. exchange: MCX, tradingsymbol: CRUDEOIL17SEP2611550PE, symboltoken: 580256
    850. exchange: MCX, tradingsymbol: CRUDEOIL17SEP2611600CE, symboltoken: 580379
    851. exchange: MCX, tradingsymbol: CRUDEOIL17SEP2611600PE, symboltoken: 580530
    852. exchange: MCX, tradingsymbol: CRUDEOIL17SEP2611650CE, symboltoken: 580987
    853. exchange: MCX, tradingsymbol: CRUDEOIL17SEP2611650PE, symboltoken: 580992
    854. exchange: MCX, tradingsymbol: CRUDEOIL17SEP2611700CE, symboltoken: 580988
    855. exchange: MCX, tradingsymbol: CRUDEOIL17SEP2611700PE, symboltoken: 580993
    856. exchange: MCX, tradingsymbol: CRUDEOIL17SEP2611750CE, symboltoken: 580989
    857. exchange: MCX, tradingsymbol: CRUDEOIL17SEP2611750PE, symboltoken: 580994
    858. exchange: MCX, tradingsymbol: CRUDEOIL17SEP2611800CE, symboltoken: 581005
    859. exchange: MCX, tradingsymbol: CRUDEOIL17SEP2611800PE, symboltoken: 581009
    860. exchange: MCX, tradingsymbol: CRUDEOIL17SEP2611850CE, symboltoken: 581006
    861. exchange: MCX, tradingsymbol: CRUDEOIL17SEP2611850PE, symboltoken: 581010
    862. exchange: MCX, tradingsymbol: CRUDEOIL17SEP2611900CE, symboltoken: 581007
    863. exchange: MCX, tradingsymbol: CRUDEOIL17SEP2611900PE, symboltoken: 581011
    864. exchange: MCX, tradingsymbol: CRUDEOIL17SEP2611950CE, symboltoken: 581041
    865. exchange: MCX, tradingsymbol: CRUDEOIL17SEP2611950PE, symboltoken: 581057
    866. exchange: MCX, tradingsymbol: CRUDEOIL17SEP2612000CE, symboltoken: 581042
    867. exchange: MCX, tradingsymbol: CRUDEOIL17SEP2612000PE, symboltoken: 581058
    868. exchange: MCX, tradingsymbol: CRUDEOIL17SEP2612050CE, symboltoken: 581043
    869. exchange: MCX, tradingsymbol: CRUDEOIL17SEP2612050PE, symboltoken: 581059
    870. exchange: MCX, tradingsymbol: CRUDEOIL17SEP2612100CE, symboltoken: 581044
    871. exchange: MCX, tradingsymbol: CRUDEOIL17SEP2612100PE, symboltoken: 581060
    872. exchange: MCX, tradingsymbol: CRUDEOIL17SEP2612150CE, symboltoken: 581045
    873. exchange: MCX, tradingsymbol: CRUDEOIL17SEP2612150PE, symboltoken: 581061
    874. exchange: MCX, tradingsymbol: CRUDEOIL17SEP2612200CE, symboltoken: 581046
    875. exchange: MCX, tradingsymbol: CRUDEOIL17SEP2612200PE, symboltoken: 581062
    876. exchange: MCX, tradingsymbol: CRUDEOIL17SEP2612250CE, symboltoken: 581047
    877. exchange: MCX, tradingsymbol: CRUDEOIL17SEP2612250PE, symboltoken: 581063
    878. exchange: MCX, tradingsymbol: CRUDEOIL17SEP2612300CE, symboltoken: 581048
    879. exchange: MCX, tradingsymbol: CRUDEOIL17SEP2612300PE, symboltoken: 581064
    880. exchange: MCX, tradingsymbol: CRUDEOIL17SEP2612350CE, symboltoken: 581049
    881. exchange: MCX, tradingsymbol: CRUDEOIL17SEP2612350PE, symboltoken: 581065
    882. exchange: MCX, tradingsymbol: CRUDEOIL17SEP2612400CE, symboltoken: 584494
    883. exchange: MCX, tradingsymbol: CRUDEOIL17SEP2612400PE, symboltoken: 584495
    884. exchange: MCX, tradingsymbol: CRUDEOIL17SEP2612450CE, symboltoken: 584725
    885. exchange: MCX, tradingsymbol: CRUDEOIL17SEP2612450PE, symboltoken: 584731
    886. exchange: MCX, tradingsymbol: CRUDEOIL17SEP2612500CE, symboltoken: 584726
    887. exchange: MCX, tradingsymbol: CRUDEOIL17SEP2612500PE, symboltoken: 584732
    888. exchange: MCX, tradingsymbol: CRUDEOIL17SEP2612550CE, symboltoken: 584787
    889. exchange: MCX, tradingsymbol: CRUDEOIL17SEP2612550PE, symboltoken: 584805
    890. exchange: MCX, tradingsymbol: CRUDEOIL17SEP2612600CE, symboltoken: 584788
    891. exchange: MCX, tradingsymbol: CRUDEOIL17SEP2612600PE, symboltoken: 584806
    892. exchange: MCX, tradingsymbol: CRUDEOIL17SEP2612650CE, symboltoken: 584789
    893. exchange: MCX, tradingsymbol: CRUDEOIL17SEP2612650PE, symboltoken: 584807
    894. exchange: MCX, tradingsymbol: CRUDEOIL17SEP2612700CE, symboltoken: 584790
    895. exchange: MCX, tradingsymbol: CRUDEOIL17SEP2612700PE, symboltoken: 584808
    896. exchange: MCX, tradingsymbol: CRUDEOIL17SEP2612750CE, symboltoken: 584791
    897. exchange: MCX, tradingsymbol: CRUDEOIL17SEP2612750PE, symboltoken: 584809
    898. exchange: MCX, tradingsymbol: CRUDEOIL17SEP2612800CE, symboltoken: 584792
    899. exchange: MCX, tradingsymbol: CRUDEOIL17SEP2612800PE, symboltoken: 584810
    900. exchange: MCX, tradingsymbol: CRUDEOIL17SEP2612850CE, symboltoken: 584793
    901. exchange: MCX, tradingsymbol: CRUDEOIL17SEP2612850PE, symboltoken: 584811
    902. exchange: MCX, tradingsymbol: CRUDEOIL17SEP2612900CE, symboltoken: 584873
    903. exchange: MCX, tradingsymbol: CRUDEOIL17SEP2612900PE, symboltoken: 584905
    904. exchange: MCX, tradingsymbol: CRUDEOIL17SEP2612950CE, symboltoken: 584874
    905. exchange: MCX, tradingsymbol: CRUDEOIL17SEP2612950PE, symboltoken: 584906
    906. exchange: MCX, tradingsymbol: CRUDEOIL17SEP2613000CE, symboltoken: 584875
    907. exchange: MCX, tradingsymbol: CRUDEOIL17SEP2613000PE, symboltoken: 584907
    908. exchange: MCX, tradingsymbol: CRUDEOIL17SEP2613050CE, symboltoken: 584876
    909. exchange: MCX, tradingsymbol: CRUDEOIL17SEP2613050PE, symboltoken: 584908
    910. exchange: MCX, tradingsymbol: CRUDEOIL17SEP2613100CE, symboltoken: 584877
    911. exchange: MCX, tradingsymbol: CRUDEOIL17SEP2613100PE, symboltoken: 584909
    912. exchange: MCX, tradingsymbol: CRUDEOIL17SEP2613150CE, symboltoken: 584878
    913. exchange: MCX, tradingsymbol: CRUDEOIL17SEP2613150PE, symboltoken: 584910
    914. exchange: MCX, tradingsymbol: CRUDEOIL17SEP2613200CE, symboltoken: 584879
    915. exchange: MCX, tradingsymbol: CRUDEOIL17SEP2613200PE, symboltoken: 584911
    916. exchange: MCX, tradingsymbol: CRUDEOIL17SEP2613250CE, symboltoken: 584880
    917. exchange: MCX, tradingsymbol: CRUDEOIL17SEP2613250PE, symboltoken: 584912
    918. exchange: MCX, tradingsymbol: CRUDEOIL17SEP2613300CE, symboltoken: 584881
    919. exchange: MCX, tradingsymbol: CRUDEOIL17SEP2613300PE, symboltoken: 584913
    920. exchange: MCX, tradingsymbol: CRUDEOIL17SEP2613350CE, symboltoken: 584882
    921. exchange: MCX, tradingsymbol: CRUDEOIL17SEP2613350PE, symboltoken: 584914
    922. exchange: MCX, tradingsymbol: CRUDEOIL17SEP2613400CE, symboltoken: 584883
    923. exchange: MCX, tradingsymbol: CRUDEOIL17SEP2613400PE, symboltoken: 584915
    924. exchange: MCX, tradingsymbol: CRUDEOIL17SEP2613450CE, symboltoken: 584884
    925. exchange: MCX, tradingsymbol: CRUDEOIL17SEP2613450PE, symboltoken: 584916
    926. exchange: MCX, tradingsymbol: CRUDEOIL17SEP2613500CE, symboltoken: 585036
    927. exchange: MCX, tradingsymbol: CRUDEOIL17SEP2613500PE, symboltoken: 585061
    928. exchange: MCX, tradingsymbol: CRUDEOIL17SEP2613550CE, symboltoken: 585037
    929. exchange: MCX, tradingsymbol: CRUDEOIL17SEP2613550PE, symboltoken: 585062
    930. exchange: MCX, tradingsymbol: CRUDEOIL17SEP2613600CE, symboltoken: 585038
    931. exchange: MCX, tradingsymbol: CRUDEOIL17SEP2613600PE, symboltoken: 585063
    932. exchange: MCX, tradingsymbol: CRUDEOIL17SEP2613650CE, symboltoken: 585039
    933. exchange: MCX, tradingsymbol: CRUDEOIL17SEP2613650PE, symboltoken: 585064
    934. exchange: MCX, tradingsymbol: CRUDEOIL17SEP2613700CE, symboltoken: 585040
    935. exchange: MCX, tradingsymbol: CRUDEOIL17SEP2613700PE, symboltoken: 585065
    936. exchange: MCX, tradingsymbol: CRUDEOIL17SEP2613750CE, symboltoken: 585041
    937. exchange: MCX, tradingsymbol: CRUDEOIL17SEP2613750PE, symboltoken: 585066
    938. exchange: MCX, tradingsymbol: CRUDEOIL17SEP2613800CE, symboltoken: 585042
    939. exchange: MCX, tradingsymbol: CRUDEOIL17SEP2613800PE, symboltoken: 585067
    940. exchange: MCX, tradingsymbol: CRUDEOIL17SEP2613850CE, symboltoken: 585043
    941. exchange: MCX, tradingsymbol: CRUDEOIL17SEP2613850PE, symboltoken: 585068
    942. exchange: MCX, tradingsymbol: CRUDEOIL17SEP2613900CE, symboltoken: 585044
    943. exchange: MCX, tradingsymbol: CRUDEOIL17SEP2613900PE, symboltoken: 585069
    944. exchange: MCX, tradingsymbol: CRUDEOIL17SEP2613950CE, symboltoken: 585045
    945. exchange: MCX, tradingsymbol: CRUDEOIL17SEP2613950PE, symboltoken: 585070
    946. exchange: MCX, tradingsymbol: CRUDEOIL17SEP262850CE, symboltoken: 578597
    947. exchange: MCX, tradingsymbol: CRUDEOIL17SEP262850PE, symboltoken: 578600
    948. exchange: MCX, tradingsymbol: CRUDEOIL17SEP262900CE, symboltoken: 577149
    949. exchange: MCX, tradingsymbol: CRUDEOIL17SEP262900PE, symboltoken: 577166
    950. exchange: MCX, tradingsymbol: CRUDEOIL17SEP262950CE, symboltoken: 577148
    951. exchange: MCX, tradingsymbol: CRUDEOIL17SEP262950PE, symboltoken: 577165
    952. exchange: MCX, tradingsymbol: CRUDEOIL17SEP263000CE, symboltoken: 577147
    953. exchange: MCX, tradingsymbol: CRUDEOIL17SEP263000PE, symboltoken: 577164
    954. exchange: MCX, tradingsymbol: CRUDEOIL17SEP263050CE, symboltoken: 577146
    955. exchange: MCX, tradingsymbol: CRUDEOIL17SEP263050PE, symboltoken: 577163
    956. exchange: MCX, tradingsymbol: CRUDEOIL17SEP263100CE, symboltoken: 577145
    957. exchange: MCX, tradingsymbol: CRUDEOIL17SEP263100PE, symboltoken: 577162
    958. exchange: MCX, tradingsymbol: CRUDEOIL17SEP263150CE, symboltoken: 576931
    959. exchange: MCX, tradingsymbol: CRUDEOIL17SEP263150PE, symboltoken: 576934
    960. exchange: MCX, tradingsymbol: CRUDEOIL17SEP263200CE, symboltoken: 576347
    961. exchange: MCX, tradingsymbol: CRUDEOIL17SEP263200PE, symboltoken: 576500
    962. exchange: MCX, tradingsymbol: CRUDEOIL17SEP263250CE, symboltoken: 576346
    963. exchange: MCX, tradingsymbol: CRUDEOIL17SEP263250PE, symboltoken: 576499
    964. exchange: MCX, tradingsymbol: CRUDEOIL17SEP263300CE, symboltoken: 576345
    965. exchange: MCX, tradingsymbol: CRUDEOIL17SEP263300PE, symboltoken: 576498
    966. exchange: MCX, tradingsymbol: CRUDEOIL17SEP263350CE, symboltoken: 576344
    967. exchange: MCX, tradingsymbol: CRUDEOIL17SEP263350PE, symboltoken: 576497
    968. exchange: MCX, tradingsymbol: CRUDEOIL17SEP263400CE, symboltoken: 576343
    969. exchange: MCX, tradingsymbol: CRUDEOIL17SEP263400PE, symboltoken: 576496
    970. exchange: MCX, tradingsymbol: CRUDEOIL17SEP263450CE, symboltoken: 576342
    971. exchange: MCX, tradingsymbol: CRUDEOIL17SEP263450PE, symboltoken: 576495
    972. exchange: MCX, tradingsymbol: CRUDEOIL17SEP263500CE, symboltoken: 576341
    973. exchange: MCX, tradingsymbol: CRUDEOIL17SEP263500PE, symboltoken: 576494
    974. exchange: MCX, tradingsymbol: CRUDEOIL17SEP263550CE, symboltoken: 576340
    975. exchange: MCX, tradingsymbol: CRUDEOIL17SEP263550PE, symboltoken: 576493
    976. exchange: MCX, tradingsymbol: CRUDEOIL17SEP263600CE, symboltoken: 576339
    977. exchange: MCX, tradingsymbol: CRUDEOIL17SEP263600PE, symboltoken: 576492
    978. exchange: MCX, tradingsymbol: CRUDEOIL17SEP263650CE, symboltoken: 576338
    979. exchange: MCX, tradingsymbol: CRUDEOIL17SEP263650PE, symboltoken: 576491
    980. exchange: MCX, tradingsymbol: CRUDEOIL17SEP263700CE, symboltoken: 576337
    981. exchange: MCX, tradingsymbol: CRUDEOIL17SEP263700PE, symboltoken: 576490
    982. exchange: MCX, tradingsymbol: CRUDEOIL17SEP263750CE, symboltoken: 576336
    983. exchange: MCX, tradingsymbol: CRUDEOIL17SEP263750PE, symboltoken: 576489
    984. exchange: MCX, tradingsymbol: CRUDEOIL17SEP263800CE, symboltoken: 576335
    985. exchange: MCX, tradingsymbol: CRUDEOIL17SEP263800PE, symboltoken: 576488
    986. exchange: MCX, tradingsymbol: CRUDEOIL17SEP263850CE, symboltoken: 576334
    987. exchange: MCX, tradingsymbol: CRUDEOIL17SEP263850PE, symboltoken: 576487
    988. exchange: MCX, tradingsymbol: CRUDEOIL17SEP263900CE, symboltoken: 576333
    989. exchange: MCX, tradingsymbol: CRUDEOIL17SEP263900PE, symboltoken: 576486
    990. exchange: MCX, tradingsymbol: CRUDEOIL17SEP263950CE, symboltoken: 576332
    991. exchange: MCX, tradingsymbol: CRUDEOIL17SEP263950PE, symboltoken: 576485
    992. exchange: MCX, tradingsymbol: CRUDEOIL17SEP264000CE, symboltoken: 576331
    993. exchange: MCX, tradingsymbol: CRUDEOIL17SEP264000PE, symboltoken: 576484
    994. exchange: MCX, tradingsymbol: CRUDEOIL17SEP264050CE, symboltoken: 576330
    995. exchange: MCX, tradingsymbol: CRUDEOIL17SEP264050PE, symboltoken: 576483
    996. exchange: MCX, tradingsymbol: CRUDEOIL17SEP264100CE, symboltoken: 576329
    997. exchange: MCX, tradingsymbol: CRUDEOIL17SEP264100PE, symboltoken: 576482
    998. exchange: MCX, tradingsymbol: CRUDEOIL17SEP264150CE, symboltoken: 576328
    999. exchange: MCX, tradingsymbol: CRUDEOIL17SEP264150PE, symboltoken: 576481
    1000. exchange: MCX, tradingsymbol: CRUDEOIL17SEP264200CE, symboltoken: 576327
    1001. exchange: MCX, tradingsymbol: CRUDEOIL17SEP264200PE, symboltoken: 576480
    1002. exchange: MCX, tradingsymbol: CRUDEOIL17SEP264250CE, symboltoken: 576326
    1003. exchange: MCX, tradingsymbol: CRUDEOIL17SEP264250PE, symboltoken: 576479
    1004. exchange: MCX, tradingsymbol: CRUDEOIL17SEP264300CE, symboltoken: 576325
    1005. exchange: MCX, tradingsymbol: CRUDEOIL17SEP264300PE, symboltoken: 576478
    1006. exchange: MCX, tradingsymbol: CRUDEOIL17SEP264350CE, symboltoken: 576324
    1007. exchange: MCX, tradingsymbol: CRUDEOIL17SEP264350PE, symboltoken: 576477
    1008. exchange: MCX, tradingsymbol: CRUDEOIL17SEP264400CE, symboltoken: 576323
    1009. exchange: MCX, tradingsymbol: CRUDEOIL17SEP264400PE, symboltoken: 576476
    1010. exchange: MCX, tradingsymbol: CRUDEOIL17SEP264450CE, symboltoken: 576322
    1011. exchange: MCX, tradingsymbol: CRUDEOIL17SEP264450PE, symboltoken: 576475
    1012. exchange: MCX, tradingsymbol: CRUDEOIL17SEP264500CE, symboltoken: 576321
    1013. exchange: MCX, tradingsymbol: CRUDEOIL17SEP264500PE, symboltoken: 576474
    1014. exchange: MCX, tradingsymbol: CRUDEOIL17SEP264550CE, symboltoken: 576320
    1015. exchange: MCX, tradingsymbol: CRUDEOIL17SEP264550PE, symboltoken: 576473
    1016. exchange: MCX, tradingsymbol: CRUDEOIL17SEP264600CE, symboltoken: 576319
    1017. exchange: MCX, tradingsymbol: CRUDEOIL17SEP264600PE, symboltoken: 576472
    1018. exchange: MCX, tradingsymbol: CRUDEOIL17SEP264650CE, symboltoken: 576318
    1019. exchange: MCX, tradingsymbol: CRUDEOIL17SEP264650PE, symboltoken: 576471
    1020. exchange: MCX, tradingsymbol: CRUDEOIL17SEP264700CE, symboltoken: 576317
    1021. exchange: MCX, tradingsymbol: CRUDEOIL17SEP264700PE, symboltoken: 576470
    1022. exchange: MCX, tradingsymbol: CRUDEOIL17SEP264750CE, symboltoken: 576316
    1023. exchange: MCX, tradingsymbol: CRUDEOIL17SEP264750PE, symboltoken: 576469
    1024. exchange: MCX, tradingsymbol: CRUDEOIL17SEP264800CE, symboltoken: 576315
    1025. exchange: MCX, tradingsymbol: CRUDEOIL17SEP264800PE, symboltoken: 576468
    1026. exchange: MCX, tradingsymbol: CRUDEOIL17SEP264850CE, symboltoken: 576314
    1027. exchange: MCX, tradingsymbol: CRUDEOIL17SEP264850PE, symboltoken: 576467
    1028. exchange: MCX, tradingsymbol: CRUDEOIL17SEP264900CE, symboltoken: 576313
    1029. exchange: MCX, tradingsymbol: CRUDEOIL17SEP264900PE, symboltoken: 576466
    1030. exchange: MCX, tradingsymbol: CRUDEOIL17SEP264950CE, symboltoken: 576312
    1031. exchange: MCX, tradingsymbol: CRUDEOIL17SEP264950PE, symboltoken: 576465
    1032. exchange: MCX, tradingsymbol: CRUDEOIL17SEP265000CE, symboltoken: 576311
    1033. exchange: MCX, tradingsymbol: CRUDEOIL17SEP265000PE, symboltoken: 576464
    1034. exchange: MCX, tradingsymbol: CRUDEOIL17SEP265050CE, symboltoken: 576310
    1035. exchange: MCX, tradingsymbol: CRUDEOIL17SEP265050PE, symboltoken: 576463
    1036. exchange: MCX, tradingsymbol: CRUDEOIL17SEP265100CE, symboltoken: 576309
    1037. exchange: MCX, tradingsymbol: CRUDEOIL17SEP265100PE, symboltoken: 576462
    1038. exchange: MCX, tradingsymbol: CRUDEOIL17SEP265150CE, symboltoken: 576308
    1039. exchange: MCX, tradingsymbol: CRUDEOIL17SEP265150PE, symboltoken: 576461
    1040. exchange: MCX, tradingsymbol: CRUDEOIL17SEP265200CE, symboltoken: 576307
    1041. exchange: MCX, tradingsymbol: CRUDEOIL17SEP265200PE, symboltoken: 576460
    1042. exchange: MCX, tradingsymbol: CRUDEOIL17SEP265250CE, symboltoken: 576306
    1043. exchange: MCX, tradingsymbol: CRUDEOIL17SEP265250PE, symboltoken: 576459
    1044. exchange: MCX, tradingsymbol: CRUDEOIL17SEP265300CE, symboltoken: 576305
    1045. exchange: MCX, tradingsymbol: CRUDEOIL17SEP265300PE, symboltoken: 576458
    1046. exchange: MCX, tradingsymbol: CRUDEOIL17SEP265350CE, symboltoken: 576304
    1047. exchange: MCX, tradingsymbol: CRUDEOIL17SEP265350PE, symboltoken: 576457
    1048. exchange: MCX, tradingsymbol: CRUDEOIL17SEP265400CE, symboltoken: 576303
    1049. exchange: MCX, tradingsymbol: CRUDEOIL17SEP265400PE, symboltoken: 576456
    1050. exchange: MCX, tradingsymbol: CRUDEOIL17SEP265450CE, symboltoken: 576302
    1051. exchange: MCX, tradingsymbol: CRUDEOIL17SEP265450PE, symboltoken: 576455
    1052. exchange: MCX, tradingsymbol: CRUDEOIL17SEP265500CE, symboltoken: 576301
    1053. exchange: MCX, tradingsymbol: CRUDEOIL17SEP265500PE, symboltoken: 576454
    1054. exchange: MCX, tradingsymbol: CRUDEOIL17SEP265550CE, symboltoken: 576300
    1055. exchange: MCX, tradingsymbol: CRUDEOIL17SEP265550PE, symboltoken: 576453
    1056. exchange: MCX, tradingsymbol: CRUDEOIL17SEP265600CE, symboltoken: 576299
    1057. exchange: MCX, tradingsymbol: CRUDEOIL17SEP265600PE, symboltoken: 576452
    1058. exchange: MCX, tradingsymbol: CRUDEOIL17SEP265650CE, symboltoken: 576298
    1059. exchange: MCX, tradingsymbol: CRUDEOIL17SEP265650PE, symboltoken: 576451
    1060. exchange: MCX, tradingsymbol: CRUDEOIL17SEP265700CE, symboltoken: 576297
    1061. exchange: MCX, tradingsymbol: CRUDEOIL17SEP265700PE, symboltoken: 576450
    1062. exchange: MCX, tradingsymbol: CRUDEOIL17SEP265750CE, symboltoken: 576296
    1063. exchange: MCX, tradingsymbol: CRUDEOIL17SEP265750PE, symboltoken: 576449
    1064. exchange: MCX, tradingsymbol: CRUDEOIL17SEP265800CE, symboltoken: 576295
    1065. exchange: MCX, tradingsymbol: CRUDEOIL17SEP265800PE, symboltoken: 576448
    1066. exchange: MCX, tradingsymbol: CRUDEOIL17SEP265850CE, symboltoken: 576294
    1067. exchange: MCX, tradingsymbol: CRUDEOIL17SEP265850PE, symboltoken: 576447
    1068. exchange: MCX, tradingsymbol: CRUDEOIL17SEP265900CE, symboltoken: 576293
    1069. exchange: MCX, tradingsymbol: CRUDEOIL17SEP265900PE, symboltoken: 576446
    1070. exchange: MCX, tradingsymbol: CRUDEOIL17SEP265950CE, symboltoken: 576292
    1071. exchange: MCX, tradingsymbol: CRUDEOIL17SEP265950PE, symboltoken: 576445
    1072. exchange: MCX, tradingsymbol: CRUDEOIL17SEP266000CE, symboltoken: 576291
    1073. exchange: MCX, tradingsymbol: CRUDEOIL17SEP266000PE, symboltoken: 576444
    1074. exchange: MCX, tradingsymbol: CRUDEOIL17SEP266050CE, symboltoken: 576290
    1075. exchange: MCX, tradingsymbol: CRUDEOIL17SEP266050PE, symboltoken: 576443
    1076. exchange: MCX, tradingsymbol: CRUDEOIL17SEP266100CE, symboltoken: 576289
    1077. exchange: MCX, tradingsymbol: CRUDEOIL17SEP266100PE, symboltoken: 576442
    1078. exchange: MCX, tradingsymbol: CRUDEOIL17SEP266150CE, symboltoken: 576288
    1079. exchange: MCX, tradingsymbol: CRUDEOIL17SEP266150PE, symboltoken: 576441
    1080. exchange: MCX, tradingsymbol: CRUDEOIL17SEP266200CE, symboltoken: 576287
    1081. exchange: MCX, tradingsymbol: CRUDEOIL17SEP266200PE, symboltoken: 576440
    1082. exchange: MCX, tradingsymbol: CRUDEOIL17SEP266250CE, symboltoken: 576286
    1083. exchange: MCX, tradingsymbol: CRUDEOIL17SEP266250PE, symboltoken: 576439
    1084. exchange: MCX, tradingsymbol: CRUDEOIL17SEP266300CE, symboltoken: 576285
    1085. exchange: MCX, tradingsymbol: CRUDEOIL17SEP266300PE, symboltoken: 576438
    1086. exchange: MCX, tradingsymbol: CRUDEOIL17SEP266350CE, symboltoken: 576284
    1087. exchange: MCX, tradingsymbol: CRUDEOIL17SEP266350PE, symboltoken: 576437
    1088. exchange: MCX, tradingsymbol: CRUDEOIL17SEP266400CE, symboltoken: 576283
    1089. exchange: MCX, tradingsymbol: CRUDEOIL17SEP266400PE, symboltoken: 576436
    1090. exchange: MCX, tradingsymbol: CRUDEOIL17SEP266450CE, symboltoken: 576282
    1091. exchange: MCX, tradingsymbol: CRUDEOIL17SEP266450PE, symboltoken: 576435
    1092. exchange: MCX, tradingsymbol: CRUDEOIL17SEP266500CE, symboltoken: 576281
    1093. exchange: MCX, tradingsymbol: CRUDEOIL17SEP266500PE, symboltoken: 576434
    1094. exchange: MCX, tradingsymbol: CRUDEOIL17SEP266550CE, symboltoken: 576280
    1095. exchange: MCX, tradingsymbol: CRUDEOIL17SEP266550PE, symboltoken: 576433
    1096. exchange: MCX, tradingsymbol: CRUDEOIL17SEP266600CE, symboltoken: 576279
    1097. exchange: MCX, tradingsymbol: CRUDEOIL17SEP266600PE, symboltoken: 576432
    1098. exchange: MCX, tradingsymbol: CRUDEOIL17SEP266650CE, symboltoken: 576278
    1099. exchange: MCX, tradingsymbol: CRUDEOIL17SEP266650PE, symboltoken: 576431
    1100. exchange: MCX, tradingsymbol: CRUDEOIL17SEP266700CE, symboltoken: 576277
    1101. exchange: MCX, tradingsymbol: CRUDEOIL17SEP266700PE, symboltoken: 576430
    1102. exchange: MCX, tradingsymbol: CRUDEOIL17SEP266750CE, symboltoken: 576276
    1103. exchange: MCX, tradingsymbol: CRUDEOIL17SEP266750PE, symboltoken: 576429
    1104. exchange: MCX, tradingsymbol: CRUDEOIL17SEP266800CE, symboltoken: 576275
    1105. exchange: MCX, tradingsymbol: CRUDEOIL17SEP266800PE, symboltoken: 576428
    1106. exchange: MCX, tradingsymbol: CRUDEOIL17SEP266850CE, symboltoken: 576274
    1107. exchange: MCX, tradingsymbol: CRUDEOIL17SEP266850PE, symboltoken: 576427
    1108. exchange: MCX, tradingsymbol: CRUDEOIL17SEP266900CE, symboltoken: 576273
    1109. exchange: MCX, tradingsymbol: CRUDEOIL17SEP266900PE, symboltoken: 576426
    1110. exchange: MCX, tradingsymbol: CRUDEOIL17SEP266950CE, symboltoken: 576348
    1111. exchange: MCX, tradingsymbol: CRUDEOIL17SEP266950PE, symboltoken: 576501
    1112. exchange: MCX, tradingsymbol: CRUDEOIL17SEP267000CE, symboltoken: 576266
    1113. exchange: MCX, tradingsymbol: CRUDEOIL17SEP267000PE, symboltoken: 576267
    1114. exchange: MCX, tradingsymbol: CRUDEOIL17SEP267050CE, symboltoken: 576349
    1115. exchange: MCX, tradingsymbol: CRUDEOIL17SEP267050PE, symboltoken: 576502
    1116. exchange: MCX, tradingsymbol: CRUDEOIL17SEP267100CE, symboltoken: 576350
    1117. exchange: MCX, tradingsymbol: CRUDEOIL17SEP267100PE, symboltoken: 576503
    1118. exchange: MCX, tradingsymbol: CRUDEOIL17SEP267150CE, symboltoken: 576351
    1119. exchange: MCX, tradingsymbol: CRUDEOIL17SEP267150PE, symboltoken: 576504
    1120. exchange: MCX, tradingsymbol: CRUDEOIL17SEP267200CE, symboltoken: 576352
    1121. exchange: MCX, tradingsymbol: CRUDEOIL17SEP267200PE, symboltoken: 576505
    1122. exchange: MCX, tradingsymbol: CRUDEOIL17SEP267250CE, symboltoken: 576353
    1123. exchange: MCX, tradingsymbol: CRUDEOIL17SEP267250PE, symboltoken: 576506
    1124. exchange: MCX, tradingsymbol: CRUDEOIL17SEP267300CE, symboltoken: 576354
    1125. exchange: MCX, tradingsymbol: CRUDEOIL17SEP267300PE, symboltoken: 576507
    1126. exchange: MCX, tradingsymbol: CRUDEOIL17SEP267350CE, symboltoken: 576355
    1127. exchange: MCX, tradingsymbol: CRUDEOIL17SEP267350PE, symboltoken: 576508
    1128. exchange: MCX, tradingsymbol: CRUDEOIL17SEP267400CE, symboltoken: 576356
    1129. exchange: MCX, tradingsymbol: CRUDEOIL17SEP267400PE, symboltoken: 576509
    1130. exchange: MCX, tradingsymbol: CRUDEOIL17SEP267450CE, symboltoken: 576357
    1131. exchange: MCX, tradingsymbol: CRUDEOIL17SEP267450PE, symboltoken: 576510
    1132. exchange: MCX, tradingsymbol: CRUDEOIL17SEP267500CE, symboltoken: 576358
    1133. exchange: MCX, tradingsymbol: CRUDEOIL17SEP267500PE, symboltoken: 576511
    1134. exchange: MCX, tradingsymbol: CRUDEOIL17SEP267550CE, symboltoken: 576359
    1135. exchange: MCX, tradingsymbol: CRUDEOIL17SEP267550PE, symboltoken: 576512
    1136. exchange: MCX, tradingsymbol: CRUDEOIL17SEP267600CE, symboltoken: 576360
    1137. exchange: MCX, tradingsymbol: CRUDEOIL17SEP267600PE, symboltoken: 576513
    1138. exchange: MCX, tradingsymbol: CRUDEOIL17SEP267650CE, symboltoken: 576361
    1139. exchange: MCX, tradingsymbol: CRUDEOIL17SEP267650PE, symboltoken: 576514
    1140. exchange: MCX, tradingsymbol: CRUDEOIL17SEP267700CE, symboltoken: 576362
    1141. exchange: MCX, tradingsymbol: CRUDEOIL17SEP267700PE, symboltoken: 576515
    1142. exchange: MCX, tradingsymbol: CRUDEOIL17SEP267750CE, symboltoken: 576363
    1143. exchange: MCX, tradingsymbol: CRUDEOIL17SEP267750PE, symboltoken: 576516
    1144. exchange: MCX, tradingsymbol: CRUDEOIL17SEP267800CE, symboltoken: 576364
    1145. exchange: MCX, tradingsymbol: CRUDEOIL17SEP267800PE, symboltoken: 576517
    1146. exchange: MCX, tradingsymbol: CRUDEOIL17SEP267850CE, symboltoken: 576365
    1147. exchange: MCX, tradingsymbol: CRUDEOIL17SEP267850PE, symboltoken: 576518
    1148. exchange: MCX, tradingsymbol: CRUDEOIL17SEP267900CE, symboltoken: 576366
    1149. exchange: MCX, tradingsymbol: CRUDEOIL17SEP267900PE, symboltoken: 576519
    1150. exchange: MCX, tradingsymbol: CRUDEOIL17SEP267950CE, symboltoken: 576367
    1151. exchange: MCX, tradingsymbol: CRUDEOIL17SEP267950PE, symboltoken: 576520
    1152. exchange: MCX, tradingsymbol: CRUDEOIL17SEP268000CE, symboltoken: 576368
    1153. exchange: MCX, tradingsymbol: CRUDEOIL17SEP268000PE, symboltoken: 576521
    1154. exchange: MCX, tradingsymbol: CRUDEOIL17SEP268050CE, symboltoken: 576369
    1155. exchange: MCX, tradingsymbol: CRUDEOIL17SEP268050PE, symboltoken: 576522
    1156. exchange: MCX, tradingsymbol: CRUDEOIL17SEP268100CE, symboltoken: 576370
    1157. exchange: MCX, tradingsymbol: CRUDEOIL17SEP268100PE, symboltoken: 576523
    1158. exchange: MCX, tradingsymbol: CRUDEOIL17SEP268150CE, symboltoken: 576371
    1159. exchange: MCX, tradingsymbol: CRUDEOIL17SEP268150PE, symboltoken: 576524
    1160. exchange: MCX, tradingsymbol: CRUDEOIL17SEP268200CE, symboltoken: 576372
    1161. exchange: MCX, tradingsymbol: CRUDEOIL17SEP268200PE, symboltoken: 576525
    1162. exchange: MCX, tradingsymbol: CRUDEOIL17SEP268250CE, symboltoken: 576373
    1163. exchange: MCX, tradingsymbol: CRUDEOIL17SEP268250PE, symboltoken: 576526
    1164. exchange: MCX, tradingsymbol: CRUDEOIL17SEP268300CE, symboltoken: 576374
    1165. exchange: MCX, tradingsymbol: CRUDEOIL17SEP268300PE, symboltoken: 576527
    1166. exchange: MCX, tradingsymbol: CRUDEOIL17SEP268350CE, symboltoken: 576375
    1167. exchange: MCX, tradingsymbol: CRUDEOIL17SEP268350PE, symboltoken: 576528
    1168. exchange: MCX, tradingsymbol: CRUDEOIL17SEP268400CE, symboltoken: 576376
    1169. exchange: MCX, tradingsymbol: CRUDEOIL17SEP268400PE, symboltoken: 576529
    1170. exchange: MCX, tradingsymbol: CRUDEOIL17SEP268450CE, symboltoken: 576377
    1171. exchange: MCX, tradingsymbol: CRUDEOIL17SEP268450PE, symboltoken: 576530
    1172. exchange: MCX, tradingsymbol: CRUDEOIL17SEP268500CE, symboltoken: 576378
    1173. exchange: MCX, tradingsymbol: CRUDEOIL17SEP268500PE, symboltoken: 576531
    1174. exchange: MCX, tradingsymbol: CRUDEOIL17SEP268550CE, symboltoken: 576379
    1175. exchange: MCX, tradingsymbol: CRUDEOIL17SEP268550PE, symboltoken: 576532
    1176. exchange: MCX, tradingsymbol: CRUDEOIL17SEP268600CE, symboltoken: 576380
    1177. exchange: MCX, tradingsymbol: CRUDEOIL17SEP268600PE, symboltoken: 576533
    1178. exchange: MCX, tradingsymbol: CRUDEOIL17SEP268650CE, symboltoken: 576381
    1179. exchange: MCX, tradingsymbol: CRUDEOIL17SEP268650PE, symboltoken: 576534
    1180. exchange: MCX, tradingsymbol: CRUDEOIL17SEP268700CE, symboltoken: 576382
    1181. exchange: MCX, tradingsymbol: CRUDEOIL17SEP268700PE, symboltoken: 576535
    1182. exchange: MCX, tradingsymbol: CRUDEOIL17SEP268750CE, symboltoken: 576383
    1183. exchange: MCX, tradingsymbol: CRUDEOIL17SEP268750PE, symboltoken: 576536
    1184. exchange: MCX, tradingsymbol: CRUDEOIL17SEP268800CE, symboltoken: 576384
    1185. exchange: MCX, tradingsymbol: CRUDEOIL17SEP268800PE, symboltoken: 576537
    1186. exchange: MCX, tradingsymbol: CRUDEOIL17SEP268850CE, symboltoken: 576385
    1187. exchange: MCX, tradingsymbol: CRUDEOIL17SEP268850PE, symboltoken: 576538
    1188. exchange: MCX, tradingsymbol: CRUDEOIL17SEP268900CE, symboltoken: 576386
    1189. exchange: MCX, tradingsymbol: CRUDEOIL17SEP268900PE, symboltoken: 576539
    1190. exchange: MCX, tradingsymbol: CRUDEOIL17SEP268950CE, symboltoken: 576387
    1191. exchange: MCX, tradingsymbol: CRUDEOIL17SEP268950PE, symboltoken: 576540
    1192. exchange: MCX, tradingsymbol: CRUDEOIL17SEP269000CE, symboltoken: 576388
    1193. exchange: MCX, tradingsymbol: CRUDEOIL17SEP269000PE, symboltoken: 576541
    1194. exchange: MCX, tradingsymbol: CRUDEOIL17SEP269050CE, symboltoken: 576389
    1195. exchange: MCX, tradingsymbol: CRUDEOIL17SEP269050PE, symboltoken: 576542
    1196. exchange: MCX, tradingsymbol: CRUDEOIL17SEP269100CE, symboltoken: 576390
    1197. exchange: MCX, tradingsymbol: CRUDEOIL17SEP269100PE, symboltoken: 576543
    1198. exchange: MCX, tradingsymbol: CRUDEOIL17SEP269150CE, symboltoken: 576391
    1199. exchange: MCX, tradingsymbol: CRUDEOIL17SEP269150PE, symboltoken: 576544
    1200. exchange: MCX, tradingsymbol: CRUDEOIL17SEP269200CE, symboltoken: 576392
    1201. exchange: MCX, tradingsymbol: CRUDEOIL17SEP269200PE, symboltoken: 576545
    1202. exchange: MCX, tradingsymbol: CRUDEOIL17SEP269250CE, symboltoken: 576393
    1203. exchange: MCX, tradingsymbol: CRUDEOIL17SEP269250PE, symboltoken: 576546
    1204. exchange: MCX, tradingsymbol: CRUDEOIL17SEP269300CE, symboltoken: 576394
    1205. exchange: MCX, tradingsymbol: CRUDEOIL17SEP269300PE, symboltoken: 576547
    1206. exchange: MCX, tradingsymbol: CRUDEOIL17SEP269350CE, symboltoken: 576395
    1207. exchange: MCX, tradingsymbol: CRUDEOIL17SEP269350PE, symboltoken: 576548
    1208. exchange: MCX, tradingsymbol: CRUDEOIL17SEP269400CE, symboltoken: 576396
    1209. exchange: MCX, tradingsymbol: CRUDEOIL17SEP269400PE, symboltoken: 576549
    1210. exchange: MCX, tradingsymbol: CRUDEOIL17SEP269450CE, symboltoken: 576397
    1211. exchange: MCX, tradingsymbol: CRUDEOIL17SEP269450PE, symboltoken: 576550
    1212. exchange: MCX, tradingsymbol: CRUDEOIL17SEP269500CE, symboltoken: 576398
    1213. exchange: MCX, tradingsymbol: CRUDEOIL17SEP269500PE, symboltoken: 576551
    1214. exchange: MCX, tradingsymbol: CRUDEOIL17SEP269550CE, symboltoken: 576399
    1215. exchange: MCX, tradingsymbol: CRUDEOIL17SEP269550PE, symboltoken: 576552
    1216. exchange: MCX, tradingsymbol: CRUDEOIL17SEP269600CE, symboltoken: 576400
    1217. exchange: MCX, tradingsymbol: CRUDEOIL17SEP269600PE, symboltoken: 576553
    1218. exchange: MCX, tradingsymbol: CRUDEOIL17SEP269650CE, symboltoken: 576401
    1219. exchange: MCX, tradingsymbol: CRUDEOIL17SEP269650PE, symboltoken: 576554
    1220. exchange: MCX, tradingsymbol: CRUDEOIL17SEP269700CE, symboltoken: 576402
    1221. exchange: MCX, tradingsymbol: CRUDEOIL17SEP269700PE, symboltoken: 576555
    1222. exchange: MCX, tradingsymbol: CRUDEOIL17SEP269750CE, symboltoken: 576403
    1223. exchange: MCX, tradingsymbol: CRUDEOIL17SEP269750PE, symboltoken: 576556
    1224. exchange: MCX, tradingsymbol: CRUDEOIL17SEP269800CE, symboltoken: 576404
    1225. exchange: MCX, tradingsymbol: CRUDEOIL17SEP269800PE, symboltoken: 576557
    1226. exchange: MCX, tradingsymbol: CRUDEOIL17SEP269850CE, symboltoken: 576405
    1227. exchange: MCX, tradingsymbol: CRUDEOIL17SEP269850PE, symboltoken: 576558
    1228. exchange: MCX, tradingsymbol: CRUDEOIL17SEP269900CE, symboltoken: 576406
    1229. exchange: MCX, tradingsymbol: CRUDEOIL17SEP269900PE, symboltoken: 576559
    1230. exchange: MCX, tradingsymbol: CRUDEOIL17SEP269950CE, symboltoken: 576407
    1231. exchange: MCX, tradingsymbol: CRUDEOIL17SEP269950PE, symboltoken: 576560
    1232. exchange: MCX, tradingsymbol: CRUDEOIL18DEC26FUT, symboltoken: 576264
    1233. exchange: MCX, tradingsymbol: CRUDEOIL19FEB27FUT, symboltoken: 582828
    1234. exchange: MCX, tradingsymbol: CRUDEOIL19JAN27FUT, symboltoken: 580377
    1235. exchange: MCX, tradingsymbol: CRUDEOIL19MAR27FUT, symboltoken: 584773
    1236. exchange: MCX, tradingsymbol: CRUDEOIL19NOV26FUT, symboltoken: 573422
    1237. exchange: MCX, tradingsymbol: CRUDEOIL19OCT26FUT, symboltoken: 569900
    1238. exchange: MCX, tradingsymbol: CRUDEOIL20SEP27FUT, symboltoken: 584775
    1239. exchange: MCX, tradingsymbol: CRUDEOIL21JUN27FUT, symboltoken: 584774
    1240. exchange: MCX, tradingsymbol: CRUDEOIL21SEP26FUT, symboltoken: 565899
    1241. exchange: MCX, tradingsymbol: CRUDEOILCOM, symboltoken: 294
    1242. exchange: MCX, tradingsymbol: CRUDEOILM15OCT2610000CE, symboltoken: 580801
    1243. exchange: MCX, tradingsymbol: CRUDEOILM15OCT2610000PE, symboltoken: 580952
    1244. exchange: MCX, tradingsymbol: CRUDEOILM15OCT2610050CE, symboltoken: 580802
    1245. exchange: MCX, tradingsymbol: CRUDEOILM15OCT2610050PE, symboltoken: 580953
    1246. exchange: MCX, tradingsymbol: CRUDEOILM15OCT2610100CE, symboltoken: 580803
    1247. exchange: MCX, tradingsymbol: CRUDEOILM15OCT2610100PE, symboltoken: 580954
    1248. exchange: MCX, tradingsymbol: CRUDEOILM15OCT2610150CE, symboltoken: 580804
    1249. exchange: MCX, tradingsymbol: CRUDEOILM15OCT2610150PE, symboltoken: 580955
    1250. exchange: MCX, tradingsymbol: CRUDEOILM15OCT2610200CE, symboltoken: 580805
    1251. exchange: MCX, tradingsymbol: CRUDEOILM15OCT2610200PE, symboltoken: 580956
    1252. exchange: MCX, tradingsymbol: CRUDEOILM15OCT2610250CE, symboltoken: 580806
    1253. exchange: MCX, tradingsymbol: CRUDEOILM15OCT2610250PE, symboltoken: 580957
    1254. exchange: MCX, tradingsymbol: CRUDEOILM15OCT2610300CE, symboltoken: 580807
    1255. exchange: MCX, tradingsymbol: CRUDEOILM15OCT2610300PE, symboltoken: 580958
    1256. exchange: MCX, tradingsymbol: CRUDEOILM15OCT2610350CE, symboltoken: 580808
    1257. exchange: MCX, tradingsymbol: CRUDEOILM15OCT2610350PE, symboltoken: 580959
    1258. exchange: MCX, tradingsymbol: CRUDEOILM15OCT2610400CE, symboltoken: 580809
    1259. exchange: MCX, tradingsymbol: CRUDEOILM15OCT2610400PE, symboltoken: 580960
    1260. exchange: MCX, tradingsymbol: CRUDEOILM15OCT2610450CE, symboltoken: 580810
    1261. exchange: MCX, tradingsymbol: CRUDEOILM15OCT2610450PE, symboltoken: 580961
    1262. exchange: MCX, tradingsymbol: CRUDEOILM15OCT2610500CE, symboltoken: 580811
    1263. exchange: MCX, tradingsymbol: CRUDEOILM15OCT2610500PE, symboltoken: 580962
    1264. exchange: MCX, tradingsymbol: CRUDEOILM15OCT2610550CE, symboltoken: 580812
    1265. exchange: MCX, tradingsymbol: CRUDEOILM15OCT2610550PE, symboltoken: 580963
    1266. exchange: MCX, tradingsymbol: CRUDEOILM15OCT2610600CE, symboltoken: 580813
    1267. exchange: MCX, tradingsymbol: CRUDEOILM15OCT2610600PE, symboltoken: 580964
    1268. exchange: MCX, tradingsymbol: CRUDEOILM15OCT2610650CE, symboltoken: 580814
    1269. exchange: MCX, tradingsymbol: CRUDEOILM15OCT2610650PE, symboltoken: 580965
    1270. exchange: MCX, tradingsymbol: CRUDEOILM15OCT2610700CE, symboltoken: 580815
    1271. exchange: MCX, tradingsymbol: CRUDEOILM15OCT2610700PE, symboltoken: 580966
    1272. exchange: MCX, tradingsymbol: CRUDEOILM15OCT2610750CE, symboltoken: 580816
    1273. exchange: MCX, tradingsymbol: CRUDEOILM15OCT2610750PE, symboltoken: 580967
    1274. exchange: MCX, tradingsymbol: CRUDEOILM15OCT2610800CE, symboltoken: 580817
    1275. exchange: MCX, tradingsymbol: CRUDEOILM15OCT2610800PE, symboltoken: 580968
    1276. exchange: MCX, tradingsymbol: CRUDEOILM15OCT2610850CE, symboltoken: 580818
    1277. exchange: MCX, tradingsymbol: CRUDEOILM15OCT2610850PE, symboltoken: 580969
    1278. exchange: MCX, tradingsymbol: CRUDEOILM15OCT2610900CE, symboltoken: 580819
    1279. exchange: MCX, tradingsymbol: CRUDEOILM15OCT2610900PE, symboltoken: 580970
    1280. exchange: MCX, tradingsymbol: CRUDEOILM15OCT2610950CE, symboltoken: 580820
    1281. exchange: MCX, tradingsymbol: CRUDEOILM15OCT2610950PE, symboltoken: 580971
    1282. exchange: MCX, tradingsymbol: CRUDEOILM15OCT2611000CE, symboltoken: 580821
    1283. exchange: MCX, tradingsymbol: CRUDEOILM15OCT2611000PE, symboltoken: 580972
    1284. exchange: MCX, tradingsymbol: CRUDEOILM15OCT2611050CE, symboltoken: 580822
    1285. exchange: MCX, tradingsymbol: CRUDEOILM15OCT2611050PE, symboltoken: 580973
    1286. exchange: MCX, tradingsymbol: CRUDEOILM15OCT2611100CE, symboltoken: 580823
    1287. exchange: MCX, tradingsymbol: CRUDEOILM15OCT2611100PE, symboltoken: 580974
    1288. exchange: MCX, tradingsymbol: CRUDEOILM15OCT2611150CE, symboltoken: 580824
    1289. exchange: MCX, tradingsymbol: CRUDEOILM15OCT2611150PE, symboltoken: 580975
    1290. exchange: MCX, tradingsymbol: CRUDEOILM15OCT2611200CE, symboltoken: 580825
    1291. exchange: MCX, tradingsymbol: CRUDEOILM15OCT2611200PE, symboltoken: 580976
    1292. exchange: MCX, tradingsymbol: CRUDEOILM15OCT2611250CE, symboltoken: 580826
    1293. exchange: MCX, tradingsymbol: CRUDEOILM15OCT2611250PE, symboltoken: 580977
    1294. exchange: MCX, tradingsymbol: CRUDEOILM15OCT2611300CE, symboltoken: 580827
    1295. exchange: MCX, tradingsymbol: CRUDEOILM15OCT2611300PE, symboltoken: 580978
    1296. exchange: MCX, tradingsymbol: CRUDEOILM15OCT2611350CE, symboltoken: 580828
    1297. exchange: MCX, tradingsymbol: CRUDEOILM15OCT2611350PE, symboltoken: 580979
    1298. exchange: MCX, tradingsymbol: CRUDEOILM15OCT2611400CE, symboltoken: 580829
    1299. exchange: MCX, tradingsymbol: CRUDEOILM15OCT2611400PE, symboltoken: 580980
    1300. exchange: MCX, tradingsymbol: CRUDEOILM15OCT2611450CE, symboltoken: 580830
    1301. exchange: MCX, tradingsymbol: CRUDEOILM15OCT2611450PE, symboltoken: 580981
    1302. exchange: MCX, tradingsymbol: CRUDEOILM15OCT2611500CE, symboltoken: 580831
    1303. exchange: MCX, tradingsymbol: CRUDEOILM15OCT2611500PE, symboltoken: 580982
    1304. exchange: MCX, tradingsymbol: CRUDEOILM15OCT2611550CE, symboltoken: 581000
    1305. exchange: MCX, tradingsymbol: CRUDEOILM15OCT2611550PE, symboltoken: 581004
    1306. exchange: MCX, tradingsymbol: CRUDEOILM15OCT2611600CE, symboltoken: 581034
    1307. exchange: MCX, tradingsymbol: CRUDEOILM15OCT2611600PE, symboltoken: 581039
    1308. exchange: MCX, tradingsymbol: CRUDEOILM15OCT2611650CE, symboltoken: 581035
    1309. exchange: MCX, tradingsymbol: CRUDEOILM15OCT2611650PE, symboltoken: 581040
    1310. exchange: MCX, tradingsymbol: CRUDEOILM15OCT2611700CE, symboltoken: 581084
    1311. exchange: MCX, tradingsymbol: CRUDEOILM15OCT2611700PE, symboltoken: 581100
    1312. exchange: MCX, tradingsymbol: CRUDEOILM15OCT2611750CE, symboltoken: 581085
    1313. exchange: MCX, tradingsymbol: CRUDEOILM15OCT2611750PE, symboltoken: 581101
    1314. exchange: MCX, tradingsymbol: CRUDEOILM15OCT2611800CE, symboltoken: 581086
    1315. exchange: MCX, tradingsymbol: CRUDEOILM15OCT2611800PE, symboltoken: 581102
    1316. exchange: MCX, tradingsymbol: CRUDEOILM15OCT2611850CE, symboltoken: 581087
    1317. exchange: MCX, tradingsymbol: CRUDEOILM15OCT2611850PE, symboltoken: 581103
    1318. exchange: MCX, tradingsymbol: CRUDEOILM15OCT2611900CE, symboltoken: 581088
    1319. exchange: MCX, tradingsymbol: CRUDEOILM15OCT2611900PE, symboltoken: 581104
    1320. exchange: MCX, tradingsymbol: CRUDEOILM15OCT2611950CE, symboltoken: 581089
    1321. exchange: MCX, tradingsymbol: CRUDEOILM15OCT2611950PE, symboltoken: 581105
    1322. exchange: MCX, tradingsymbol: CRUDEOILM15OCT2612000CE, symboltoken: 581090
    1323. exchange: MCX, tradingsymbol: CRUDEOILM15OCT2612000PE, symboltoken: 581106
    1324. exchange: MCX, tradingsymbol: CRUDEOILM15OCT2612050CE, symboltoken: 584468
    1325. exchange: MCX, tradingsymbol: CRUDEOILM15OCT2612050PE, symboltoken: 584473
    1326. exchange: MCX, tradingsymbol: CRUDEOILM15OCT2612100CE, symboltoken: 584469
    1327. exchange: MCX, tradingsymbol: CRUDEOILM15OCT2612100PE, symboltoken: 584474
    1328. exchange: MCX, tradingsymbol: CRUDEOILM15OCT2612150CE, symboltoken: 584743
    1329. exchange: MCX, tradingsymbol: CRUDEOILM15OCT2612150PE, symboltoken: 584749
    1330. exchange: MCX, tradingsymbol: CRUDEOILM15OCT2612200CE, symboltoken: 584744
    1331. exchange: MCX, tradingsymbol: CRUDEOILM15OCT2612200PE, symboltoken: 584750
    1332. exchange: MCX, tradingsymbol: CRUDEOILM15OCT2612250CE, symboltoken: 584745
    1333. exchange: MCX, tradingsymbol: CRUDEOILM15OCT2612250PE, symboltoken: 584751
    1334. exchange: MCX, tradingsymbol: CRUDEOILM15OCT2612300CE, symboltoken: 584842
    1335. exchange: MCX, tradingsymbol: CRUDEOILM15OCT2612300PE, symboltoken: 584860
    1336. exchange: MCX, tradingsymbol: CRUDEOILM15OCT2612350CE, symboltoken: 584843
    1337. exchange: MCX, tradingsymbol: CRUDEOILM15OCT2612350PE, symboltoken: 584861
    1338. exchange: MCX, tradingsymbol: CRUDEOILM15OCT2612400CE, symboltoken: 584844
    1339. exchange: MCX, tradingsymbol: CRUDEOILM15OCT2612400PE, symboltoken: 584862
    1340. exchange: MCX, tradingsymbol: CRUDEOILM15OCT2612450CE, symboltoken: 584845
    1341. exchange: MCX, tradingsymbol: CRUDEOILM15OCT2612450PE, symboltoken: 584863
    1342. exchange: MCX, tradingsymbol: CRUDEOILM15OCT2612500CE, symboltoken: 584846
    1343. exchange: MCX, tradingsymbol: CRUDEOILM15OCT2612500PE, symboltoken: 584864
    1344. exchange: MCX, tradingsymbol: CRUDEOILM15OCT2612550CE, symboltoken: 584847
    1345. exchange: MCX, tradingsymbol: CRUDEOILM15OCT2612550PE, symboltoken: 584865
    1346. exchange: MCX, tradingsymbol: CRUDEOILM15OCT2612600CE, symboltoken: 584951
    1347. exchange: MCX, tradingsymbol: CRUDEOILM15OCT2612600PE, symboltoken: 584983
    1348. exchange: MCX, tradingsymbol: CRUDEOILM15OCT2612650CE, symboltoken: 584952
    1349. exchange: MCX, tradingsymbol: CRUDEOILM15OCT2612650PE, symboltoken: 584984
    1350. exchange: MCX, tradingsymbol: CRUDEOILM15OCT2612700CE, symboltoken: 584953
    1351. exchange: MCX, tradingsymbol: CRUDEOILM15OCT2612700PE, symboltoken: 584985
    1352. exchange: MCX, tradingsymbol: CRUDEOILM15OCT2612750CE, symboltoken: 584954
    1353. exchange: MCX, tradingsymbol: CRUDEOILM15OCT2612750PE, symboltoken: 584986
    1354. exchange: MCX, tradingsymbol: CRUDEOILM15OCT2612800CE, symboltoken: 584955
    1355. exchange: MCX, tradingsymbol: CRUDEOILM15OCT2612800PE, symboltoken: 584987
    1356. exchange: MCX, tradingsymbol: CRUDEOILM15OCT2612850CE, symboltoken: 584956
    1357. exchange: MCX, tradingsymbol: CRUDEOILM15OCT2612850PE, symboltoken: 584988
    1358. exchange: MCX, tradingsymbol: CRUDEOILM15OCT2612900CE, symboltoken: 584957
    1359. exchange: MCX, tradingsymbol: CRUDEOILM15OCT2612900PE, symboltoken: 584989
    1360. exchange: MCX, tradingsymbol: CRUDEOILM15OCT2612950CE, symboltoken: 584958
    1361. exchange: MCX, tradingsymbol: CRUDEOILM15OCT2612950PE, symboltoken: 584990
    1362. exchange: MCX, tradingsymbol: CRUDEOILM15OCT2613000CE, symboltoken: 584959
    1363. exchange: MCX, tradingsymbol: CRUDEOILM15OCT2613000PE, symboltoken: 584991
    1364. exchange: MCX, tradingsymbol: CRUDEOILM15OCT2613050CE, symboltoken: 584960
    1365. exchange: MCX, tradingsymbol: CRUDEOILM15OCT2613050PE, symboltoken: 584992
    1366. exchange: MCX, tradingsymbol: CRUDEOILM15OCT2613100CE, symboltoken: 584961
    1367. exchange: MCX, tradingsymbol: CRUDEOILM15OCT2613100PE, symboltoken: 584993
    1368. exchange: MCX, tradingsymbol: CRUDEOILM15OCT2613150CE, symboltoken: 585742
    1369. exchange: MCX, tradingsymbol: CRUDEOILM15OCT2613150PE, symboltoken: 585767
    1370. exchange: MCX, tradingsymbol: CRUDEOILM15OCT2613200CE, symboltoken: 585743
    1371. exchange: MCX, tradingsymbol: CRUDEOILM15OCT2613200PE, symboltoken: 585768
    1372. exchange: MCX, tradingsymbol: CRUDEOILM15OCT2613250CE, symboltoken: 585744
    1373. exchange: MCX, tradingsymbol: CRUDEOILM15OCT2613250PE, symboltoken: 585769
    1374. exchange: MCX, tradingsymbol: CRUDEOILM15OCT2613300CE, symboltoken: 585745
    1375. exchange: MCX, tradingsymbol: CRUDEOILM15OCT2613300PE, symboltoken: 585770
    1376. exchange: MCX, tradingsymbol: CRUDEOILM15OCT2613350CE, symboltoken: 585746
    1377. exchange: MCX, tradingsymbol: CRUDEOILM15OCT2613350PE, symboltoken: 585771
    1378. exchange: MCX, tradingsymbol: CRUDEOILM15OCT2613400CE, symboltoken: 585747
    1379. exchange: MCX, tradingsymbol: CRUDEOILM15OCT2613400PE, symboltoken: 585772
    1380. exchange: MCX, tradingsymbol: CRUDEOILM15OCT2613450CE, symboltoken: 585748
    1381. exchange: MCX, tradingsymbol: CRUDEOILM15OCT2613450PE, symboltoken: 585773
    1382. exchange: MCX, tradingsymbol: CRUDEOILM15OCT2613500CE, symboltoken: 585749
    1383. exchange: MCX, tradingsymbol: CRUDEOILM15OCT2613500PE, symboltoken: 585774
    1384. exchange: MCX, tradingsymbol: CRUDEOILM15OCT263200CE, symboltoken: 582093
    1385. exchange: MCX, tradingsymbol: CRUDEOILM15OCT263200PE, symboltoken: 582094
    1386. exchange: MCX, tradingsymbol: CRUDEOILM15OCT263250CE, symboltoken: 581867
    1387. exchange: MCX, tradingsymbol: CRUDEOILM15OCT263250PE, symboltoken: 581873
    1388. exchange: MCX, tradingsymbol: CRUDEOILM15OCT263300CE, symboltoken: 581866
    1389. exchange: MCX, tradingsymbol: CRUDEOILM15OCT263300PE, symboltoken: 581872
    1390. exchange: MCX, tradingsymbol: CRUDEOILM15OCT263350CE, symboltoken: 581865
    1391. exchange: MCX, tradingsymbol: CRUDEOILM15OCT263350PE, symboltoken: 581871
    1392. exchange: MCX, tradingsymbol: CRUDEOILM15OCT263400CE, symboltoken: 581864
    1393. exchange: MCX, tradingsymbol: CRUDEOILM15OCT263400PE, symboltoken: 581870
    1394. exchange: MCX, tradingsymbol: CRUDEOILM15OCT263450CE, symboltoken: 581863
    1395. exchange: MCX, tradingsymbol: CRUDEOILM15OCT263450PE, symboltoken: 581869
    1396. exchange: MCX, tradingsymbol: CRUDEOILM15OCT263500CE, symboltoken: 581862
    1397. exchange: MCX, tradingsymbol: CRUDEOILM15OCT263500PE, symboltoken: 581868
    1398. exchange: MCX, tradingsymbol: CRUDEOILM15OCT263550CE, symboltoken: 581375
    1399. exchange: MCX, tradingsymbol: CRUDEOILM15OCT263550PE, symboltoken: 581380
    1400. exchange: MCX, tradingsymbol: CRUDEOILM15OCT263600CE, symboltoken: 581374
    1401. exchange: MCX, tradingsymbol: CRUDEOILM15OCT263600PE, symboltoken: 581379
    1402. exchange: MCX, tradingsymbol: CRUDEOILM15OCT263650CE, symboltoken: 581373
    1403. exchange: MCX, tradingsymbol: CRUDEOILM15OCT263650PE, symboltoken: 581378
    1404. exchange: MCX, tradingsymbol: CRUDEOILM15OCT263700CE, symboltoken: 581372
    1405. exchange: MCX, tradingsymbol: CRUDEOILM15OCT263700PE, symboltoken: 581377
    1406. exchange: MCX, tradingsymbol: CRUDEOILM15OCT263750CE, symboltoken: 581371
    1407. exchange: MCX, tradingsymbol: CRUDEOILM15OCT263750PE, symboltoken: 581376
    1408. exchange: MCX, tradingsymbol: CRUDEOILM15OCT263800CE, symboltoken: 581122
    1409. exchange: MCX, tradingsymbol: CRUDEOILM15OCT263800PE, symboltoken: 581126
    1410. exchange: MCX, tradingsymbol: CRUDEOILM15OCT263850CE, symboltoken: 581121
    1411. exchange: MCX, tradingsymbol: CRUDEOILM15OCT263850PE, symboltoken: 581125
    1412. exchange: MCX, tradingsymbol: CRUDEOILM15OCT263900CE, symboltoken: 581120
    1413. exchange: MCX, tradingsymbol: CRUDEOILM15OCT263900PE, symboltoken: 581124
    1414. exchange: MCX, tradingsymbol: CRUDEOILM15OCT263950CE, symboltoken: 581119
    1415. exchange: MCX, tradingsymbol: CRUDEOILM15OCT263950PE, symboltoken: 581123
    1416. exchange: MCX, tradingsymbol: CRUDEOILM15OCT264000CE, symboltoken: 580756
    1417. exchange: MCX, tradingsymbol: CRUDEOILM15OCT264000PE, symboltoken: 580907
    1418. exchange: MCX, tradingsymbol: CRUDEOILM15OCT264050CE, symboltoken: 580755
    1419. exchange: MCX, tradingsymbol: CRUDEOILM15OCT264050PE, symboltoken: 580906
    1420. exchange: MCX, tradingsymbol: CRUDEOILM15OCT264100CE, symboltoken: 580754
    1421. exchange: MCX, tradingsymbol: CRUDEOILM15OCT264100PE, symboltoken: 580905
    1422. exchange: MCX, tradingsymbol: CRUDEOILM15OCT264150CE, symboltoken: 580753
    1423. exchange: MCX, tradingsymbol: CRUDEOILM15OCT264150PE, symboltoken: 580904
    1424. exchange: MCX, tradingsymbol: CRUDEOILM15OCT264200CE, symboltoken: 580752
    1425. exchange: MCX, tradingsymbol: CRUDEOILM15OCT264200PE, symboltoken: 580903
    1426. exchange: MCX, tradingsymbol: CRUDEOILM15OCT264250CE, symboltoken: 580751
    1427. exchange: MCX, tradingsymbol: CRUDEOILM15OCT264250PE, symboltoken: 580902
    1428. exchange: MCX, tradingsymbol: CRUDEOILM15OCT264300CE, symboltoken: 580750
    1429. exchange: MCX, tradingsymbol: CRUDEOILM15OCT264300PE, symboltoken: 580901
    1430. exchange: MCX, tradingsymbol: CRUDEOILM15OCT264350CE, symboltoken: 580749
    1431. exchange: MCX, tradingsymbol: CRUDEOILM15OCT264350PE, symboltoken: 580900
    1432. exchange: MCX, tradingsymbol: CRUDEOILM15OCT264400CE, symboltoken: 580748
    1433. exchange: MCX, tradingsymbol: CRUDEOILM15OCT264400PE, symboltoken: 580899
    1434. exchange: MCX, tradingsymbol: CRUDEOILM15OCT264450CE, symboltoken: 580747
    1435. exchange: MCX, tradingsymbol: CRUDEOILM15OCT264450PE, symboltoken: 580898
    1436. exchange: MCX, tradingsymbol: CRUDEOILM15OCT264500CE, symboltoken: 580746
    1437. exchange: MCX, tradingsymbol: CRUDEOILM15OCT264500PE, symboltoken: 580897
    1438. exchange: MCX, tradingsymbol: CRUDEOILM15OCT264550CE, symboltoken: 580745
    1439. exchange: MCX, tradingsymbol: CRUDEOILM15OCT264550PE, symboltoken: 580896
    1440. exchange: MCX, tradingsymbol: CRUDEOILM15OCT264600CE, symboltoken: 580744
    1441. exchange: MCX, tradingsymbol: CRUDEOILM15OCT264600PE, symboltoken: 580895
    1442. exchange: MCX, tradingsymbol: CRUDEOILM15OCT264650CE, symboltoken: 580743
    1443. exchange: MCX, tradingsymbol: CRUDEOILM15OCT264650PE, symboltoken: 580894
    1444. exchange: MCX, tradingsymbol: CRUDEOILM15OCT264700CE, symboltoken: 580742
    1445. exchange: MCX, tradingsymbol: CRUDEOILM15OCT264700PE, symboltoken: 580893
    1446. exchange: MCX, tradingsymbol: CRUDEOILM15OCT264750CE, symboltoken: 580741
    1447. exchange: MCX, tradingsymbol: CRUDEOILM15OCT264750PE, symboltoken: 580892
    1448. exchange: MCX, tradingsymbol: CRUDEOILM15OCT264800CE, symboltoken: 580740
    1449. exchange: MCX, tradingsymbol: CRUDEOILM15OCT264800PE, symboltoken: 580891
    1450. exchange: MCX, tradingsymbol: CRUDEOILM15OCT264850CE, symboltoken: 580739
    1451. exchange: MCX, tradingsymbol: CRUDEOILM15OCT264850PE, symboltoken: 580890
    1452. exchange: MCX, tradingsymbol: CRUDEOILM15OCT264900CE, symboltoken: 580738
    1453. exchange: MCX, tradingsymbol: CRUDEOILM15OCT264900PE, symboltoken: 580889
    1454. exchange: MCX, tradingsymbol: CRUDEOILM15OCT264950CE, symboltoken: 580737
    1455. exchange: MCX, tradingsymbol: CRUDEOILM15OCT264950PE, symboltoken: 580888
    1456. exchange: MCX, tradingsymbol: CRUDEOILM15OCT265000CE, symboltoken: 580736
    1457. exchange: MCX, tradingsymbol: CRUDEOILM15OCT265000PE, symboltoken: 580887
    1458. exchange: MCX, tradingsymbol: CRUDEOILM15OCT265050CE, symboltoken: 580735
    1459. exchange: MCX, tradingsymbol: CRUDEOILM15OCT265050PE, symboltoken: 580886
    1460. exchange: MCX, tradingsymbol: CRUDEOILM15OCT265100CE, symboltoken: 580734
    1461. exchange: MCX, tradingsymbol: CRUDEOILM15OCT265100PE, symboltoken: 580885
    1462. exchange: MCX, tradingsymbol: CRUDEOILM15OCT265150CE, symboltoken: 580733
    1463. exchange: MCX, tradingsymbol: CRUDEOILM15OCT265150PE, symboltoken: 580884
    1464. exchange: MCX, tradingsymbol: CRUDEOILM15OCT265200CE, symboltoken: 580732
    1465. exchange: MCX, tradingsymbol: CRUDEOILM15OCT265200PE, symboltoken: 580883
    1466. exchange: MCX, tradingsymbol: CRUDEOILM15OCT265250CE, symboltoken: 580731
    1467. exchange: MCX, tradingsymbol: CRUDEOILM15OCT265250PE, symboltoken: 580882
    1468. exchange: MCX, tradingsymbol: CRUDEOILM15OCT265300CE, symboltoken: 580730
    1469. exchange: MCX, tradingsymbol: CRUDEOILM15OCT265300PE, symboltoken: 580881
    1470. exchange: MCX, tradingsymbol: CRUDEOILM15OCT265350CE, symboltoken: 580729
    1471. exchange: MCX, tradingsymbol: CRUDEOILM15OCT265350PE, symboltoken: 580880
    1472. exchange: MCX, tradingsymbol: CRUDEOILM15OCT265400CE, symboltoken: 580728
    1473. exchange: MCX, tradingsymbol: CRUDEOILM15OCT265400PE, symboltoken: 580879
    1474. exchange: MCX, tradingsymbol: CRUDEOILM15OCT265450CE, symboltoken: 580727
    1475. exchange: MCX, tradingsymbol: CRUDEOILM15OCT265450PE, symboltoken: 580878
    1476. exchange: MCX, tradingsymbol: CRUDEOILM15OCT265500CE, symboltoken: 580726
    1477. exchange: MCX, tradingsymbol: CRUDEOILM15OCT265500PE, symboltoken: 580877
    1478. exchange: MCX, tradingsymbol: CRUDEOILM15OCT265550CE, symboltoken: 580725
    1479. exchange: MCX, tradingsymbol: CRUDEOILM15OCT265550PE, symboltoken: 580876
    1480. exchange: MCX, tradingsymbol: CRUDEOILM15OCT265600CE, symboltoken: 580724
    1481. exchange: MCX, tradingsymbol: CRUDEOILM15OCT265600PE, symboltoken: 580875
    1482. exchange: MCX, tradingsymbol: CRUDEOILM15OCT265650CE, symboltoken: 580723
    1483. exchange: MCX, tradingsymbol: CRUDEOILM15OCT265650PE, symboltoken: 580874
    1484. exchange: MCX, tradingsymbol: CRUDEOILM15OCT265700CE, symboltoken: 580722
    1485. exchange: MCX, tradingsymbol: CRUDEOILM15OCT265700PE, symboltoken: 580873
    1486. exchange: MCX, tradingsymbol: CRUDEOILM15OCT265750CE, symboltoken: 580721
    1487. exchange: MCX, tradingsymbol: CRUDEOILM15OCT265750PE, symboltoken: 580872
    1488. exchange: MCX, tradingsymbol: CRUDEOILM15OCT265800CE, symboltoken: 580720
    1489. exchange: MCX, tradingsymbol: CRUDEOILM15OCT265800PE, symboltoken: 580871
    1490. exchange: MCX, tradingsymbol: CRUDEOILM15OCT265850CE, symboltoken: 580719
    1491. exchange: MCX, tradingsymbol: CRUDEOILM15OCT265850PE, symboltoken: 580870
    1492. exchange: MCX, tradingsymbol: CRUDEOILM15OCT265900CE, symboltoken: 580718
    1493. exchange: MCX, tradingsymbol: CRUDEOILM15OCT265900PE, symboltoken: 580869
    1494. exchange: MCX, tradingsymbol: CRUDEOILM15OCT265950CE, symboltoken: 580717
    1495. exchange: MCX, tradingsymbol: CRUDEOILM15OCT265950PE, symboltoken: 580868
    1496. exchange: MCX, tradingsymbol: CRUDEOILM15OCT266000CE, symboltoken: 580716
    1497. exchange: MCX, tradingsymbol: CRUDEOILM15OCT266000PE, symboltoken: 580867
    1498. exchange: MCX, tradingsymbol: CRUDEOILM15OCT266050CE, symboltoken: 580715
    1499. exchange: MCX, tradingsymbol: CRUDEOILM15OCT266050PE, symboltoken: 580866
    1500. exchange: MCX, tradingsymbol: CRUDEOILM15OCT266100CE, symboltoken: 580714
    1501. exchange: MCX, tradingsymbol: CRUDEOILM15OCT266100PE, symboltoken: 580865
    1502. exchange: MCX, tradingsymbol: CRUDEOILM15OCT266150CE, symboltoken: 580713
    1503. exchange: MCX, tradingsymbol: CRUDEOILM15OCT266150PE, symboltoken: 580864
    1504. exchange: MCX, tradingsymbol: CRUDEOILM15OCT266200CE, symboltoken: 580712
    1505. exchange: MCX, tradingsymbol: CRUDEOILM15OCT266200PE, symboltoken: 580863
    1506. exchange: MCX, tradingsymbol: CRUDEOILM15OCT266250CE, symboltoken: 580711
    1507. exchange: MCX, tradingsymbol: CRUDEOILM15OCT266250PE, symboltoken: 580862
    1508. exchange: MCX, tradingsymbol: CRUDEOILM15OCT266300CE, symboltoken: 580710
    1509. exchange: MCX, tradingsymbol: CRUDEOILM15OCT266300PE, symboltoken: 580861
    1510. exchange: MCX, tradingsymbol: CRUDEOILM15OCT266350CE, symboltoken: 580709
    1511. exchange: MCX, tradingsymbol: CRUDEOILM15OCT266350PE, symboltoken: 580860
    1512. exchange: MCX, tradingsymbol: CRUDEOILM15OCT266400CE, symboltoken: 580708
    1513. exchange: MCX, tradingsymbol: CRUDEOILM15OCT266400PE, symboltoken: 580859
    1514. exchange: MCX, tradingsymbol: CRUDEOILM15OCT266450CE, symboltoken: 580707
    1515. exchange: MCX, tradingsymbol: CRUDEOILM15OCT266450PE, symboltoken: 580858
    1516. exchange: MCX, tradingsymbol: CRUDEOILM15OCT266500CE, symboltoken: 580706
    1517. exchange: MCX, tradingsymbol: CRUDEOILM15OCT266500PE, symboltoken: 580857
    1518. exchange: MCX, tradingsymbol: CRUDEOILM15OCT266550CE, symboltoken: 580705
    1519. exchange: MCX, tradingsymbol: CRUDEOILM15OCT266550PE, symboltoken: 580856
    1520. exchange: MCX, tradingsymbol: CRUDEOILM15OCT266600CE, symboltoken: 580704
    1521. exchange: MCX, tradingsymbol: CRUDEOILM15OCT266600PE, symboltoken: 580855
    1522. exchange: MCX, tradingsymbol: CRUDEOILM15OCT266650CE, symboltoken: 580703
    1523. exchange: MCX, tradingsymbol: CRUDEOILM15OCT266650PE, symboltoken: 580854
    1524. exchange: MCX, tradingsymbol: CRUDEOILM15OCT266700CE, symboltoken: 580702
    1525. exchange: MCX, tradingsymbol: CRUDEOILM15OCT266700PE, symboltoken: 580853
    1526. exchange: MCX, tradingsymbol: CRUDEOILM15OCT266750CE, symboltoken: 580701
    1527. exchange: MCX, tradingsymbol: CRUDEOILM15OCT266750PE, symboltoken: 580852
    1528. exchange: MCX, tradingsymbol: CRUDEOILM15OCT266800CE, symboltoken: 580700
    1529. exchange: MCX, tradingsymbol: CRUDEOILM15OCT266800PE, symboltoken: 580851
    1530. exchange: MCX, tradingsymbol: CRUDEOILM15OCT266850CE, symboltoken: 580699
    1531. exchange: MCX, tradingsymbol: CRUDEOILM15OCT266850PE, symboltoken: 580850
    1532. exchange: MCX, tradingsymbol: CRUDEOILM15OCT266900CE, symboltoken: 580698
    1533. exchange: MCX, tradingsymbol: CRUDEOILM15OCT266900PE, symboltoken: 580849
    1534. exchange: MCX, tradingsymbol: CRUDEOILM15OCT266950CE, symboltoken: 580697
    1535. exchange: MCX, tradingsymbol: CRUDEOILM15OCT266950PE, symboltoken: 580848
    1536. exchange: MCX, tradingsymbol: CRUDEOILM15OCT267000CE, symboltoken: 580696
    1537. exchange: MCX, tradingsymbol: CRUDEOILM15OCT267000PE, symboltoken: 580847
    1538. exchange: MCX, tradingsymbol: CRUDEOILM15OCT267050CE, symboltoken: 580695
    1539. exchange: MCX, tradingsymbol: CRUDEOILM15OCT267050PE, symboltoken: 580846
    1540. exchange: MCX, tradingsymbol: CRUDEOILM15OCT267100CE, symboltoken: 580694
    1541. exchange: MCX, tradingsymbol: CRUDEOILM15OCT267100PE, symboltoken: 580845
    1542. exchange: MCX, tradingsymbol: CRUDEOILM15OCT267150CE, symboltoken: 580693
    1543. exchange: MCX, tradingsymbol: CRUDEOILM15OCT267150PE, symboltoken: 580844
    1544. exchange: MCX, tradingsymbol: CRUDEOILM15OCT267200CE, symboltoken: 580692
    1545. exchange: MCX, tradingsymbol: CRUDEOILM15OCT267200PE, symboltoken: 580843
    1546. exchange: MCX, tradingsymbol: CRUDEOILM15OCT267250CE, symboltoken: 580691
    1547. exchange: MCX, tradingsymbol: CRUDEOILM15OCT267250PE, symboltoken: 580842
    1548. exchange: MCX, tradingsymbol: CRUDEOILM15OCT267300CE, symboltoken: 580690
    1549. exchange: MCX, tradingsymbol: CRUDEOILM15OCT267300PE, symboltoken: 580841
    1550. exchange: MCX, tradingsymbol: CRUDEOILM15OCT267350CE, symboltoken: 580689
    1551. exchange: MCX, tradingsymbol: CRUDEOILM15OCT267350PE, symboltoken: 580840
    1552. exchange: MCX, tradingsymbol: CRUDEOILM15OCT267400CE, symboltoken: 580688
    1553. exchange: MCX, tradingsymbol: CRUDEOILM15OCT267400PE, symboltoken: 580839
    1554. exchange: MCX, tradingsymbol: CRUDEOILM15OCT267450CE, symboltoken: 580687
    1555. exchange: MCX, tradingsymbol: CRUDEOILM15OCT267450PE, symboltoken: 580838
    1556. exchange: MCX, tradingsymbol: CRUDEOILM15OCT267500CE, symboltoken: 580686
    1557. exchange: MCX, tradingsymbol: CRUDEOILM15OCT267500PE, symboltoken: 580837
    1558. exchange: MCX, tradingsymbol: CRUDEOILM15OCT267550CE, symboltoken: 580685
    1559. exchange: MCX, tradingsymbol: CRUDEOILM15OCT267550PE, symboltoken: 580836
    1560. exchange: MCX, tradingsymbol: CRUDEOILM15OCT267600CE, symboltoken: 580684
    1561. exchange: MCX, tradingsymbol: CRUDEOILM15OCT267600PE, symboltoken: 580835
    1562. exchange: MCX, tradingsymbol: CRUDEOILM15OCT267650CE, symboltoken: 580683
    1563. exchange: MCX, tradingsymbol: CRUDEOILM15OCT267650PE, symboltoken: 580834
    1564. exchange: MCX, tradingsymbol: CRUDEOILM15OCT267700CE, symboltoken: 580682
    1565. exchange: MCX, tradingsymbol: CRUDEOILM15OCT267700PE, symboltoken: 580833
    1566. exchange: MCX, tradingsymbol: CRUDEOILM15OCT267750CE, symboltoken: 580375
    1567. exchange: MCX, tradingsymbol: CRUDEOILM15OCT267750PE, symboltoken: 580376
    1568. exchange: MCX, tradingsymbol: CRUDEOILM15OCT267800CE, symboltoken: 580757
    1569. exchange: MCX, tradingsymbol: CRUDEOILM15OCT267800PE, symboltoken: 580908
    1570. exchange: MCX, tradingsymbol: CRUDEOILM15OCT267850CE, symboltoken: 580758
    1571. exchange: MCX, tradingsymbol: CRUDEOILM15OCT267850PE, symboltoken: 580909
    1572. exchange: MCX, tradingsymbol: CRUDEOILM15OCT267900CE, symboltoken: 580759
    1573. exchange: MCX, tradingsymbol: CRUDEOILM15OCT267900PE, symboltoken: 580910
    1574. exchange: MCX, tradingsymbol: CRUDEOILM15OCT267950CE, symboltoken: 580760
    1575. exchange: MCX, tradingsymbol: CRUDEOILM15OCT267950PE, symboltoken: 580911
    1576. exchange: MCX, tradingsymbol: CRUDEOILM15OCT268000CE, symboltoken: 580761
    1577. exchange: MCX, tradingsymbol: CRUDEOILM15OCT268000PE, symboltoken: 580912
    1578. exchange: MCX, tradingsymbol: CRUDEOILM15OCT268050CE, symboltoken: 580762
    1579. exchange: MCX, tradingsymbol: CRUDEOILM15OCT268050PE, symboltoken: 580913
    1580. exchange: MCX, tradingsymbol: CRUDEOILM15OCT268100CE, symboltoken: 580763
    1581. exchange: MCX, tradingsymbol: CRUDEOILM15OCT268100PE, symboltoken: 580914
    1582. exchange: MCX, tradingsymbol: CRUDEOILM15OCT268150CE, symboltoken: 580764
    1583. exchange: MCX, tradingsymbol: CRUDEOILM15OCT268150PE, symboltoken: 580915
    1584. exchange: MCX, tradingsymbol: CRUDEOILM15OCT268200CE, symboltoken: 580765
    1585. exchange: MCX, tradingsymbol: CRUDEOILM15OCT268200PE, symboltoken: 580916
    1586. exchange: MCX, tradingsymbol: CRUDEOILM15OCT268250CE, symboltoken: 580766
    1587. exchange: MCX, tradingsymbol: CRUDEOILM15OCT268250PE, symboltoken: 580917
    1588. exchange: MCX, tradingsymbol: CRUDEOILM15OCT268300CE, symboltoken: 580767
    1589. exchange: MCX, tradingsymbol: CRUDEOILM15OCT268300PE, symboltoken: 580918
    1590. exchange: MCX, tradingsymbol: CRUDEOILM15OCT268350CE, symboltoken: 580768
    1591. exchange: MCX, tradingsymbol: CRUDEOILM15OCT268350PE, symboltoken: 580919
    1592. exchange: MCX, tradingsymbol: CRUDEOILM15OCT268400CE, symboltoken: 580769
    1593. exchange: MCX, tradingsymbol: CRUDEOILM15OCT268400PE, symboltoken: 580920
    1594. exchange: MCX, tradingsymbol: CRUDEOILM15OCT268450CE, symboltoken: 580770
    1595. exchange: MCX, tradingsymbol: CRUDEOILM15OCT268450PE, symboltoken: 580921
    1596. exchange: MCX, tradingsymbol: CRUDEOILM15OCT268500CE, symboltoken: 580771
    1597. exchange: MCX, tradingsymbol: CRUDEOILM15OCT268500PE, symboltoken: 580922
    1598. exchange: MCX, tradingsymbol: CRUDEOILM15OCT268550CE, symboltoken: 580772
    1599. exchange: MCX, tradingsymbol: CRUDEOILM15OCT268550PE, symboltoken: 580923
    1600. exchange: MCX, tradingsymbol: CRUDEOILM15OCT268600CE, symboltoken: 580773
    1601. exchange: MCX, tradingsymbol: CRUDEOILM15OCT268600PE, symboltoken: 580924
    1602. exchange: MCX, tradingsymbol: CRUDEOILM15OCT268650CE, symboltoken: 580774
    1603. exchange: MCX, tradingsymbol: CRUDEOILM15OCT268650PE, symboltoken: 580925
    1604. exchange: MCX, tradingsymbol: CRUDEOILM15OCT268700CE, symboltoken: 580775
    1605. exchange: MCX, tradingsymbol: CRUDEOILM15OCT268700PE, symboltoken: 580926
    1606. exchange: MCX, tradingsymbol: CRUDEOILM15OCT268750CE, symboltoken: 580776
    1607. exchange: MCX, tradingsymbol: CRUDEOILM15OCT268750PE, symboltoken: 580927
    1608. exchange: MCX, tradingsymbol: CRUDEOILM15OCT268800CE, symboltoken: 580777
    1609. exchange: MCX, tradingsymbol: CRUDEOILM15OCT268800PE, symboltoken: 580928
    1610. exchange: MCX, tradingsymbol: CRUDEOILM15OCT268850CE, symboltoken: 580778
    1611. exchange: MCX, tradingsymbol: CRUDEOILM15OCT268850PE, symboltoken: 580929
    1612. exchange: MCX, tradingsymbol: CRUDEOILM15OCT268900CE, symboltoken: 580779
    1613. exchange: MCX, tradingsymbol: CRUDEOILM15OCT268900PE, symboltoken: 580930
    1614. exchange: MCX, tradingsymbol: CRUDEOILM15OCT268950CE, symboltoken: 580780
    1615. exchange: MCX, tradingsymbol: CRUDEOILM15OCT268950PE, symboltoken: 580931
    1616. exchange: MCX, tradingsymbol: CRUDEOILM15OCT269000CE, symboltoken: 580781
    1617. exchange: MCX, tradingsymbol: CRUDEOILM15OCT269000PE, symboltoken: 580932
    1618. exchange: MCX, tradingsymbol: CRUDEOILM15OCT269050CE, symboltoken: 580782
    1619. exchange: MCX, tradingsymbol: CRUDEOILM15OCT269050PE, symboltoken: 580933
    1620. exchange: MCX, tradingsymbol: CRUDEOILM15OCT269100CE, symboltoken: 580783
    1621. exchange: MCX, tradingsymbol: CRUDEOILM15OCT269100PE, symboltoken: 580934
    1622. exchange: MCX, tradingsymbol: CRUDEOILM15OCT269150CE, symboltoken: 580784
    1623. exchange: MCX, tradingsymbol: CRUDEOILM15OCT269150PE, symboltoken: 580935
    1624. exchange: MCX, tradingsymbol: CRUDEOILM15OCT269200CE, symboltoken: 580785
    1625. exchange: MCX, tradingsymbol: CRUDEOILM15OCT269200PE, symboltoken: 580936
    1626. exchange: MCX, tradingsymbol: CRUDEOILM15OCT269250CE, symboltoken: 580786
    1627. exchange: MCX, tradingsymbol: CRUDEOILM15OCT269250PE, symboltoken: 580937
    1628. exchange: MCX, tradingsymbol: CRUDEOILM15OCT269300CE, symboltoken: 580787
    1629. exchange: MCX, tradingsymbol: CRUDEOILM15OCT269300PE, symboltoken: 580938
    1630. exchange: MCX, tradingsymbol: CRUDEOILM15OCT269350CE, symboltoken: 580788
    1631. exchange: MCX, tradingsymbol: CRUDEOILM15OCT269350PE, symboltoken: 580939
    1632. exchange: MCX, tradingsymbol: CRUDEOILM15OCT269400CE, symboltoken: 580789
    1633. exchange: MCX, tradingsymbol: CRUDEOILM15OCT269400PE, symboltoken: 580940
    1634. exchange: MCX, tradingsymbol: CRUDEOILM15OCT269450CE, symboltoken: 580790
    1635. exchange: MCX, tradingsymbol: CRUDEOILM15OCT269450PE, symboltoken: 580941
    1636. exchange: MCX, tradingsymbol: CRUDEOILM15OCT269500CE, symboltoken: 580791
    1637. exchange: MCX, tradingsymbol: CRUDEOILM15OCT269500PE, symboltoken: 580942
    1638. exchange: MCX, tradingsymbol: CRUDEOILM15OCT269550CE, symboltoken: 580792
    1639. exchange: MCX, tradingsymbol: CRUDEOILM15OCT269550PE, symboltoken: 580943
    1640. exchange: MCX, tradingsymbol: CRUDEOILM15OCT269600CE, symboltoken: 580793
    1641. exchange: MCX, tradingsymbol: CRUDEOILM15OCT269600PE, symboltoken: 580944
    1642. exchange: MCX, tradingsymbol: CRUDEOILM15OCT269650CE, symboltoken: 580794
    1643. exchange: MCX, tradingsymbol: CRUDEOILM15OCT269650PE, symboltoken: 580945
    1644. exchange: MCX, tradingsymbol: CRUDEOILM15OCT269700CE, symboltoken: 580795
    1645. exchange: MCX, tradingsymbol: CRUDEOILM15OCT269700PE, symboltoken: 580946
    1646. exchange: MCX, tradingsymbol: CRUDEOILM15OCT269750CE, symboltoken: 580796
    1647. exchange: MCX, tradingsymbol: CRUDEOILM15OCT269750PE, symboltoken: 580947
    1648. exchange: MCX, tradingsymbol: CRUDEOILM15OCT269800CE, symboltoken: 580797
    1649. exchange: MCX, tradingsymbol: CRUDEOILM15OCT269800PE, symboltoken: 580948
    1650. exchange: MCX, tradingsymbol: CRUDEOILM15OCT269850CE, symboltoken: 580798
    1651. exchange: MCX, tradingsymbol: CRUDEOILM15OCT269850PE, symboltoken: 580949
    1652. exchange: MCX, tradingsymbol: CRUDEOILM15OCT269900CE, symboltoken: 580799
    1653. exchange: MCX, tradingsymbol: CRUDEOILM15OCT269900PE, symboltoken: 580950
    1654. exchange: MCX, tradingsymbol: CRUDEOILM15OCT269950CE, symboltoken: 580800
    1655. exchange: MCX, tradingsymbol: CRUDEOILM15OCT269950PE, symboltoken: 580951
    1656. exchange: MCX, tradingsymbol: CRUDEOILM17DEC27FUT, symboltoken: 584780
    1657. exchange: MCX, tradingsymbol: CRUDEOILM17NOV2610000CE, symboltoken: 583286
    1658. exchange: MCX, tradingsymbol: CRUDEOILM17NOV2610000PE, symboltoken: 583436
    1659. exchange: MCX, tradingsymbol: CRUDEOILM17NOV2610050CE, symboltoken: 583287
    1660. exchange: MCX, tradingsymbol: CRUDEOILM17NOV2610050PE, symboltoken: 583437
    1661. exchange: MCX, tradingsymbol: CRUDEOILM17NOV2610100CE, symboltoken: 583288
    1662. exchange: MCX, tradingsymbol: CRUDEOILM17NOV2610100PE, symboltoken: 583438
    1663. exchange: MCX, tradingsymbol: CRUDEOILM17NOV2610150CE, symboltoken: 583289
    1664. exchange: MCX, tradingsymbol: CRUDEOILM17NOV2610150PE, symboltoken: 583439
    1665. exchange: MCX, tradingsymbol: CRUDEOILM17NOV2610200CE, symboltoken: 583290
    1666. exchange: MCX, tradingsymbol: CRUDEOILM17NOV2610200PE, symboltoken: 583440
    1667. exchange: MCX, tradingsymbol: CRUDEOILM17NOV2610250CE, symboltoken: 583291
    1668. exchange: MCX, tradingsymbol: CRUDEOILM17NOV2610250PE, symboltoken: 583441
    1669. exchange: MCX, tradingsymbol: CRUDEOILM17NOV2610300CE, symboltoken: 583292
    1670. exchange: MCX, tradingsymbol: CRUDEOILM17NOV2610300PE, symboltoken: 583442
    1671. exchange: MCX, tradingsymbol: CRUDEOILM17NOV2610350CE, symboltoken: 583293
    1672. exchange: MCX, tradingsymbol: CRUDEOILM17NOV2610350PE, symboltoken: 583443
    1673. exchange: MCX, tradingsymbol: CRUDEOILM17NOV2610400CE, symboltoken: 583294
    1674. exchange: MCX, tradingsymbol: CRUDEOILM17NOV2610400PE, symboltoken: 583444
    1675. exchange: MCX, tradingsymbol: CRUDEOILM17NOV2610450CE, symboltoken: 583295
    1676. exchange: MCX, tradingsymbol: CRUDEOILM17NOV2610450PE, symboltoken: 583445
    1677. exchange: MCX, tradingsymbol: CRUDEOILM17NOV2610500CE, symboltoken: 583296
    1678. exchange: MCX, tradingsymbol: CRUDEOILM17NOV2610500PE, symboltoken: 583446
    1679. exchange: MCX, tradingsymbol: CRUDEOILM17NOV2610550CE, symboltoken: 583297
    1680. exchange: MCX, tradingsymbol: CRUDEOILM17NOV2610550PE, symboltoken: 583447
    1681. exchange: MCX, tradingsymbol: CRUDEOILM17NOV2610600CE, symboltoken: 583298
    1682. exchange: MCX, tradingsymbol: CRUDEOILM17NOV2610600PE, symboltoken: 583448
    1683. exchange: MCX, tradingsymbol: CRUDEOILM17NOV2610650CE, symboltoken: 583299
    1684. exchange: MCX, tradingsymbol: CRUDEOILM17NOV2610650PE, symboltoken: 583449
    1685. exchange: MCX, tradingsymbol: CRUDEOILM17NOV2610700CE, symboltoken: 583300
    1686. exchange: MCX, tradingsymbol: CRUDEOILM17NOV2610700PE, symboltoken: 583450
    1687. exchange: MCX, tradingsymbol: CRUDEOILM17NOV2610750CE, symboltoken: 583301
    1688. exchange: MCX, tradingsymbol: CRUDEOILM17NOV2610750PE, symboltoken: 583451
    1689. exchange: MCX, tradingsymbol: CRUDEOILM17NOV2610800CE, symboltoken: 583302
    1690. exchange: MCX, tradingsymbol: CRUDEOILM17NOV2610800PE, symboltoken: 583452
    1691. exchange: MCX, tradingsymbol: CRUDEOILM17NOV2610850CE, symboltoken: 583303
    1692. exchange: MCX, tradingsymbol: CRUDEOILM17NOV2610850PE, symboltoken: 583453
    1693. exchange: MCX, tradingsymbol: CRUDEOILM17NOV2610900CE, symboltoken: 583304
    1694. exchange: MCX, tradingsymbol: CRUDEOILM17NOV2610900PE, symboltoken: 583454
    1695. exchange: MCX, tradingsymbol: CRUDEOILM17NOV2610950CE, symboltoken: 583305
    1696. exchange: MCX, tradingsymbol: CRUDEOILM17NOV2610950PE, symboltoken: 583455
    1697. exchange: MCX, tradingsymbol: CRUDEOILM17NOV2611000CE, symboltoken: 583306
    1698. exchange: MCX, tradingsymbol: CRUDEOILM17NOV2611000PE, symboltoken: 583456
    1699. exchange: MCX, tradingsymbol: CRUDEOILM17NOV2611050CE, symboltoken: 583307
    1700. exchange: MCX, tradingsymbol: CRUDEOILM17NOV2611050PE, symboltoken: 583457
    1701. exchange: MCX, tradingsymbol: CRUDEOILM17NOV2611100CE, symboltoken: 583308
    1702. exchange: MCX, tradingsymbol: CRUDEOILM17NOV2611100PE, symboltoken: 583458
    1703. exchange: MCX, tradingsymbol: CRUDEOILM17NOV2611150CE, symboltoken: 583309
    1704. exchange: MCX, tradingsymbol: CRUDEOILM17NOV2611150PE, symboltoken: 583459
    1705. exchange: MCX, tradingsymbol: CRUDEOILM17NOV2611200CE, symboltoken: 583310
    1706. exchange: MCX, tradingsymbol: CRUDEOILM17NOV2611200PE, symboltoken: 583460
    1707. exchange: MCX, tradingsymbol: CRUDEOILM17NOV2611250CE, symboltoken: 583311
    1708. exchange: MCX, tradingsymbol: CRUDEOILM17NOV2611250PE, symboltoken: 583461
    1709. exchange: MCX, tradingsymbol: CRUDEOILM17NOV2611300CE, symboltoken: 583312
    1710. exchange: MCX, tradingsymbol: CRUDEOILM17NOV2611300PE, symboltoken: 583462
    1711. exchange: MCX, tradingsymbol: CRUDEOILM17NOV2611350CE, symboltoken: 583313
    1712. exchange: MCX, tradingsymbol: CRUDEOILM17NOV2611350PE, symboltoken: 583463
    1713. exchange: MCX, tradingsymbol: CRUDEOILM17NOV2611400CE, symboltoken: 583314
    1714. exchange: MCX, tradingsymbol: CRUDEOILM17NOV2611400PE, symboltoken: 583464
    1715. exchange: MCX, tradingsymbol: CRUDEOILM17NOV2611450CE, symboltoken: 583315
    1716. exchange: MCX, tradingsymbol: CRUDEOILM17NOV2611450PE, symboltoken: 583465
    1717. exchange: MCX, tradingsymbol: CRUDEOILM17NOV2611500CE, symboltoken: 583316
    1718. exchange: MCX, tradingsymbol: CRUDEOILM17NOV2611500PE, symboltoken: 583466
    1719. exchange: MCX, tradingsymbol: CRUDEOILM17NOV2611550CE, symboltoken: 583317
    1720. exchange: MCX, tradingsymbol: CRUDEOILM17NOV2611550PE, symboltoken: 583467
    1721. exchange: MCX, tradingsymbol: CRUDEOILM17NOV2611600CE, symboltoken: 583318
    1722. exchange: MCX, tradingsymbol: CRUDEOILM17NOV2611600PE, symboltoken: 583468
    1723. exchange: MCX, tradingsymbol: CRUDEOILM17NOV2611650CE, symboltoken: 583319
    1724. exchange: MCX, tradingsymbol: CRUDEOILM17NOV2611650PE, symboltoken: 583469
    1725. exchange: MCX, tradingsymbol: CRUDEOILM17NOV2611700CE, symboltoken: 583570
    1726. exchange: MCX, tradingsymbol: CRUDEOILM17NOV2611700PE, symboltoken: 583572
    1727. exchange: MCX, tradingsymbol: CRUDEOILM17NOV2611750CE, symboltoken: 583571
    1728. exchange: MCX, tradingsymbol: CRUDEOILM17NOV2611750PE, symboltoken: 583573
    1729. exchange: MCX, tradingsymbol: CRUDEOILM17NOV2611800CE, symboltoken: 584470
    1730. exchange: MCX, tradingsymbol: CRUDEOILM17NOV2611800PE, symboltoken: 584475
    1731. exchange: MCX, tradingsymbol: CRUDEOILM17NOV2611850CE, symboltoken: 584471
    1732. exchange: MCX, tradingsymbol: CRUDEOILM17NOV2611850PE, symboltoken: 584476
    1733. exchange: MCX, tradingsymbol: CRUDEOILM17NOV2611900CE, symboltoken: 584472
    1734. exchange: MCX, tradingsymbol: CRUDEOILM17NOV2611900PE, symboltoken: 584477
    1735. exchange: MCX, tradingsymbol: CRUDEOILM17NOV2611950CE, symboltoken: 584746
    1736. exchange: MCX, tradingsymbol: CRUDEOILM17NOV2611950PE, symboltoken: 584752
    1737. exchange: MCX, tradingsymbol: CRUDEOILM17NOV2612000CE, symboltoken: 584771
    1738. exchange: MCX, tradingsymbol: CRUDEOILM17NOV2612000PE, symboltoken: 584772
    1739. exchange: MCX, tradingsymbol: CRUDEOILM17NOV2612050CE, symboltoken: 584848
    1740. exchange: MCX, tradingsymbol: CRUDEOILM17NOV2612050PE, symboltoken: 584866
    1741. exchange: MCX, tradingsymbol: CRUDEOILM17NOV2612100CE, symboltoken: 584849
    1742. exchange: MCX, tradingsymbol: CRUDEOILM17NOV2612100PE, symboltoken: 584867
    1743. exchange: MCX, tradingsymbol: CRUDEOILM17NOV2612150CE, symboltoken: 584850
    1744. exchange: MCX, tradingsymbol: CRUDEOILM17NOV2612150PE, symboltoken: 584868
    1745. exchange: MCX, tradingsymbol: CRUDEOILM17NOV2612200CE, symboltoken: 584851
    1746. exchange: MCX, tradingsymbol: CRUDEOILM17NOV2612200PE, symboltoken: 584869
    1747. exchange: MCX, tradingsymbol: CRUDEOILM17NOV2612250CE, symboltoken: 584852
    1748. exchange: MCX, tradingsymbol: CRUDEOILM17NOV2612250PE, symboltoken: 584870
    1749. exchange: MCX, tradingsymbol: CRUDEOILM17NOV2612300CE, symboltoken: 584962
    1750. exchange: MCX, tradingsymbol: CRUDEOILM17NOV2612300PE, symboltoken: 584994
    1751. exchange: MCX, tradingsymbol: CRUDEOILM17NOV2612350CE, symboltoken: 584963
    1752. exchange: MCX, tradingsymbol: CRUDEOILM17NOV2612350PE, symboltoken: 584995
    1753. exchange: MCX, tradingsymbol: CRUDEOILM17NOV2612400CE, symboltoken: 584964
    1754. exchange: MCX, tradingsymbol: CRUDEOILM17NOV2612400PE, symboltoken: 584996
    1755. exchange: MCX, tradingsymbol: CRUDEOILM17NOV2612450CE, symboltoken: 584965
    1756. exchange: MCX, tradingsymbol: CRUDEOILM17NOV2612450PE, symboltoken: 584997
    1757. exchange: MCX, tradingsymbol: CRUDEOILM17NOV2612500CE, symboltoken: 584966
    1758. exchange: MCX, tradingsymbol: CRUDEOILM17NOV2612500PE, symboltoken: 584998
    1759. exchange: MCX, tradingsymbol: CRUDEOILM17NOV2612550CE, symboltoken: 584967
    1760. exchange: MCX, tradingsymbol: CRUDEOILM17NOV2612550PE, symboltoken: 584999
    1761. exchange: MCX, tradingsymbol: CRUDEOILM17NOV2612600CE, symboltoken: 584968
    1762. exchange: MCX, tradingsymbol: CRUDEOILM17NOV2612600PE, symboltoken: 585000
    1763. exchange: MCX, tradingsymbol: CRUDEOILM17NOV2612650CE, symboltoken: 584969
    1764. exchange: MCX, tradingsymbol: CRUDEOILM17NOV2612650PE, symboltoken: 585001
    1765. exchange: MCX, tradingsymbol: CRUDEOILM17NOV2612700CE, symboltoken: 584970
    1766. exchange: MCX, tradingsymbol: CRUDEOILM17NOV2612700PE, symboltoken: 585002
    1767. exchange: MCX, tradingsymbol: CRUDEOILM17NOV2612750CE, symboltoken: 585750
    1768. exchange: MCX, tradingsymbol: CRUDEOILM17NOV2612750PE, symboltoken: 585775
    1769. exchange: MCX, tradingsymbol: CRUDEOILM17NOV2612800CE, symboltoken: 585751
    1770. exchange: MCX, tradingsymbol: CRUDEOILM17NOV2612800PE, symboltoken: 585776
    1771. exchange: MCX, tradingsymbol: CRUDEOILM17NOV2612850CE, symboltoken: 585752
    1772. exchange: MCX, tradingsymbol: CRUDEOILM17NOV2612850PE, symboltoken: 585777
    1773. exchange: MCX, tradingsymbol: CRUDEOILM17NOV2612900CE, symboltoken: 585753
    1774. exchange: MCX, tradingsymbol: CRUDEOILM17NOV2612900PE, symboltoken: 585778
    1775. exchange: MCX, tradingsymbol: CRUDEOILM17NOV2612950CE, symboltoken: 585754
    1776. exchange: MCX, tradingsymbol: CRUDEOILM17NOV2612950PE, symboltoken: 585779
    1777. exchange: MCX, tradingsymbol: CRUDEOILM17NOV2613000CE, symboltoken: 585755
    1778. exchange: MCX, tradingsymbol: CRUDEOILM17NOV2613000PE, symboltoken: 585780
    1779. exchange: MCX, tradingsymbol: CRUDEOILM17NOV2613050CE, symboltoken: 585756
    1780. exchange: MCX, tradingsymbol: CRUDEOILM17NOV2613050PE, symboltoken: 585781
    1781. exchange: MCX, tradingsymbol: CRUDEOILM17NOV263850CE, symboltoken: 583819
    1782. exchange: MCX, tradingsymbol: CRUDEOILM17NOV263850PE, symboltoken: 583824
    1783. exchange: MCX, tradingsymbol: CRUDEOILM17NOV263900CE, symboltoken: 583818
    1784. exchange: MCX, tradingsymbol: CRUDEOILM17NOV263900PE, symboltoken: 583823
    1785. exchange: MCX, tradingsymbol: CRUDEOILM17NOV263950CE, symboltoken: 583817
    1786. exchange: MCX, tradingsymbol: CRUDEOILM17NOV263950PE, symboltoken: 583822
    1787. exchange: MCX, tradingsymbol: CRUDEOILM17NOV264000CE, symboltoken: 583816
    1788. exchange: MCX, tradingsymbol: CRUDEOILM17NOV264000PE, symboltoken: 583821
    1789. exchange: MCX, tradingsymbol: CRUDEOILM17NOV264050CE, symboltoken: 583815
    1790. exchange: MCX, tradingsymbol: CRUDEOILM17NOV264050PE, symboltoken: 583820
    1791. exchange: MCX, tradingsymbol: CRUDEOILM17NOV264100CE, symboltoken: 583797
    1792. exchange: MCX, tradingsymbol: CRUDEOILM17NOV264100PE, symboltoken: 583798
    1793. exchange: MCX, tradingsymbol: CRUDEOILM17NOV264150CE, symboltoken: 583244
    1794. exchange: MCX, tradingsymbol: CRUDEOILM17NOV264150PE, symboltoken: 583394
    1795. exchange: MCX, tradingsymbol: CRUDEOILM17NOV264200CE, symboltoken: 583243
    1796. exchange: MCX, tradingsymbol: CRUDEOILM17NOV264200PE, symboltoken: 583393
    1797. exchange: MCX, tradingsymbol: CRUDEOILM17NOV264250CE, symboltoken: 583242
    1798. exchange: MCX, tradingsymbol: CRUDEOILM17NOV264250PE, symboltoken: 583392
    1799. exchange: MCX, tradingsymbol: CRUDEOILM17NOV264300CE, symboltoken: 583241
    1800. exchange: MCX, tradingsymbol: CRUDEOILM17NOV264300PE, symboltoken: 583391
    1801. exchange: MCX, tradingsymbol: CRUDEOILM17NOV264350CE, symboltoken: 583240
    1802. exchange: MCX, tradingsymbol: CRUDEOILM17NOV264350PE, symboltoken: 583390
    1803. exchange: MCX, tradingsymbol: CRUDEOILM17NOV264400CE, symboltoken: 583239
    1804. exchange: MCX, tradingsymbol: CRUDEOILM17NOV264400PE, symboltoken: 583389
    1805. exchange: MCX, tradingsymbol: CRUDEOILM17NOV264450CE, symboltoken: 583238
    1806. exchange: MCX, tradingsymbol: CRUDEOILM17NOV264450PE, symboltoken: 583388
    1807. exchange: MCX, tradingsymbol: CRUDEOILM17NOV264500CE, symboltoken: 583237
    1808. exchange: MCX, tradingsymbol: CRUDEOILM17NOV264500PE, symboltoken: 583387
    1809. exchange: MCX, tradingsymbol: CRUDEOILM17NOV264550CE, symboltoken: 583236
    1810. exchange: MCX, tradingsymbol: CRUDEOILM17NOV264550PE, symboltoken: 583386
    1811. exchange: MCX, tradingsymbol: CRUDEOILM17NOV264600CE, symboltoken: 583235
    1812. exchange: MCX, tradingsymbol: CRUDEOILM17NOV264600PE, symboltoken: 583385
    1813. exchange: MCX, tradingsymbol: CRUDEOILM17NOV264650CE, symboltoken: 583234
    1814. exchange: MCX, tradingsymbol: CRUDEOILM17NOV264650PE, symboltoken: 583384
    1815. exchange: MCX, tradingsymbol: CRUDEOILM17NOV264700CE, symboltoken: 583233
    1816. exchange: MCX, tradingsymbol: CRUDEOILM17NOV264700PE, symboltoken: 583383
    1817. exchange: MCX, tradingsymbol: CRUDEOILM17NOV264750CE, symboltoken: 583232
    1818. exchange: MCX, tradingsymbol: CRUDEOILM17NOV264750PE, symboltoken: 583382
    1819. exchange: MCX, tradingsymbol: CRUDEOILM17NOV264800CE, symboltoken: 583231
    1820. exchange: MCX, tradingsymbol: CRUDEOILM17NOV264800PE, symboltoken: 583381
    1821. exchange: MCX, tradingsymbol: CRUDEOILM17NOV264850CE, symboltoken: 583230
    1822. exchange: MCX, tradingsymbol: CRUDEOILM17NOV264850PE, symboltoken: 583380
    1823. exchange: MCX, tradingsymbol: CRUDEOILM17NOV264900CE, symboltoken: 583229
    1824. exchange: MCX, tradingsymbol: CRUDEOILM17NOV264900PE, symboltoken: 583379
    1825. exchange: MCX, tradingsymbol: CRUDEOILM17NOV264950CE, symboltoken: 583228
    1826. exchange: MCX, tradingsymbol: CRUDEOILM17NOV264950PE, symboltoken: 583378
    1827. exchange: MCX, tradingsymbol: CRUDEOILM17NOV265000CE, symboltoken: 583227
    1828. exchange: MCX, tradingsymbol: CRUDEOILM17NOV265000PE, symboltoken: 583377
    1829. exchange: MCX, tradingsymbol: CRUDEOILM17NOV265050CE, symboltoken: 583226
    1830. exchange: MCX, tradingsymbol: CRUDEOILM17NOV265050PE, symboltoken: 583376
    1831. exchange: MCX, tradingsymbol: CRUDEOILM17NOV265100CE, symboltoken: 583225
    1832. exchange: MCX, tradingsymbol: CRUDEOILM17NOV265100PE, symboltoken: 583375
    1833. exchange: MCX, tradingsymbol: CRUDEOILM17NOV265150CE, symboltoken: 583224
    1834. exchange: MCX, tradingsymbol: CRUDEOILM17NOV265150PE, symboltoken: 583374
    1835. exchange: MCX, tradingsymbol: CRUDEOILM17NOV265200CE, symboltoken: 583223
    1836. exchange: MCX, tradingsymbol: CRUDEOILM17NOV265200PE, symboltoken: 583373
    1837. exchange: MCX, tradingsymbol: CRUDEOILM17NOV265250CE, symboltoken: 583222
    1838. exchange: MCX, tradingsymbol: CRUDEOILM17NOV265250PE, symboltoken: 583372
    1839. exchange: MCX, tradingsymbol: CRUDEOILM17NOV265300CE, symboltoken: 583221
    1840. exchange: MCX, tradingsymbol: CRUDEOILM17NOV265300PE, symboltoken: 583371
    1841. exchange: MCX, tradingsymbol: CRUDEOILM17NOV265350CE, symboltoken: 583220
    1842. exchange: MCX, tradingsymbol: CRUDEOILM17NOV265350PE, symboltoken: 583370
    1843. exchange: MCX, tradingsymbol: CRUDEOILM17NOV265400CE, symboltoken: 583219
    1844. exchange: MCX, tradingsymbol: CRUDEOILM17NOV265400PE, symboltoken: 583369
    1845. exchange: MCX, tradingsymbol: CRUDEOILM17NOV265450CE, symboltoken: 583218
    1846. exchange: MCX, tradingsymbol: CRUDEOILM17NOV265450PE, symboltoken: 583368
    1847. exchange: MCX, tradingsymbol: CRUDEOILM17NOV265500CE, symboltoken: 583217
    1848. exchange: MCX, tradingsymbol: CRUDEOILM17NOV265500PE, symboltoken: 583367
    1849. exchange: MCX, tradingsymbol: CRUDEOILM17NOV265550CE, symboltoken: 583216
    1850. exchange: MCX, tradingsymbol: CRUDEOILM17NOV265550PE, symboltoken: 583366
    1851. exchange: MCX, tradingsymbol: CRUDEOILM17NOV265600CE, symboltoken: 583215
    1852. exchange: MCX, tradingsymbol: CRUDEOILM17NOV265600PE, symboltoken: 583365
    1853. exchange: MCX, tradingsymbol: CRUDEOILM17NOV265650CE, symboltoken: 583214
    1854. exchange: MCX, tradingsymbol: CRUDEOILM17NOV265650PE, symboltoken: 583364
    1855. exchange: MCX, tradingsymbol: CRUDEOILM17NOV265700CE, symboltoken: 583213
    1856. exchange: MCX, tradingsymbol: CRUDEOILM17NOV265700PE, symboltoken: 583363
    1857. exchange: MCX, tradingsymbol: CRUDEOILM17NOV265750CE, symboltoken: 583212
    1858. exchange: MCX, tradingsymbol: CRUDEOILM17NOV265750PE, symboltoken: 583362
    1859. exchange: MCX, tradingsymbol: CRUDEOILM17NOV265800CE, symboltoken: 583211
    1860. exchange: MCX, tradingsymbol: CRUDEOILM17NOV265800PE, symboltoken: 583361
    1861. exchange: MCX, tradingsymbol: CRUDEOILM17NOV265850CE, symboltoken: 583210
    1862. exchange: MCX, tradingsymbol: CRUDEOILM17NOV265850PE, symboltoken: 583360
    1863. exchange: MCX, tradingsymbol: CRUDEOILM17NOV265900CE, symboltoken: 583209
    1864. exchange: MCX, tradingsymbol: CRUDEOILM17NOV265900PE, symboltoken: 583359
    1865. exchange: MCX, tradingsymbol: CRUDEOILM17NOV265950CE, symboltoken: 583208
    1866. exchange: MCX, tradingsymbol: CRUDEOILM17NOV265950PE, symboltoken: 583358
    1867. exchange: MCX, tradingsymbol: CRUDEOILM17NOV266000CE, symboltoken: 583207
    1868. exchange: MCX, tradingsymbol: CRUDEOILM17NOV266000PE, symboltoken: 583357
    1869. exchange: MCX, tradingsymbol: CRUDEOILM17NOV266050CE, symboltoken: 583206
    1870. exchange: MCX, tradingsymbol: CRUDEOILM17NOV266050PE, symboltoken: 583356
    1871. exchange: MCX, tradingsymbol: CRUDEOILM17NOV266100CE, symboltoken: 583205
    1872. exchange: MCX, tradingsymbol: CRUDEOILM17NOV266100PE, symboltoken: 583355
    1873. exchange: MCX, tradingsymbol: CRUDEOILM17NOV266150CE, symboltoken: 583204
    1874. exchange: MCX, tradingsymbol: CRUDEOILM17NOV266150PE, symboltoken: 583354
    1875. exchange: MCX, tradingsymbol: CRUDEOILM17NOV266200CE, symboltoken: 583203
    1876. exchange: MCX, tradingsymbol: CRUDEOILM17NOV266200PE, symboltoken: 583353
    1877. exchange: MCX, tradingsymbol: CRUDEOILM17NOV266250CE, symboltoken: 583202
    1878. exchange: MCX, tradingsymbol: CRUDEOILM17NOV266250PE, symboltoken: 583352
    1879. exchange: MCX, tradingsymbol: CRUDEOILM17NOV266300CE, symboltoken: 583201
    1880. exchange: MCX, tradingsymbol: CRUDEOILM17NOV266300PE, symboltoken: 583351
    1881. exchange: MCX, tradingsymbol: CRUDEOILM17NOV266350CE, symboltoken: 583200
    1882. exchange: MCX, tradingsymbol: CRUDEOILM17NOV266350PE, symboltoken: 583350
    1883. exchange: MCX, tradingsymbol: CRUDEOILM17NOV266400CE, symboltoken: 583199
    1884. exchange: MCX, tradingsymbol: CRUDEOILM17NOV266400PE, symboltoken: 583349
    1885. exchange: MCX, tradingsymbol: CRUDEOILM17NOV266450CE, symboltoken: 583198
    1886. exchange: MCX, tradingsymbol: CRUDEOILM17NOV266450PE, symboltoken: 583348
    1887. exchange: MCX, tradingsymbol: CRUDEOILM17NOV266500CE, symboltoken: 583197
    1888. exchange: MCX, tradingsymbol: CRUDEOILM17NOV266500PE, symboltoken: 583347
    1889. exchange: MCX, tradingsymbol: CRUDEOILM17NOV266550CE, symboltoken: 583196
    1890. exchange: MCX, tradingsymbol: CRUDEOILM17NOV266550PE, symboltoken: 583346
    1891. exchange: MCX, tradingsymbol: CRUDEOILM17NOV266600CE, symboltoken: 583195
    1892. exchange: MCX, tradingsymbol: CRUDEOILM17NOV266600PE, symboltoken: 583345
    1893. exchange: MCX, tradingsymbol: CRUDEOILM17NOV266650CE, symboltoken: 583194
    1894. exchange: MCX, tradingsymbol: CRUDEOILM17NOV266650PE, symboltoken: 583344
    1895. exchange: MCX, tradingsymbol: CRUDEOILM17NOV266700CE, symboltoken: 583193
    1896. exchange: MCX, tradingsymbol: CRUDEOILM17NOV266700PE, symboltoken: 583343
    1897. exchange: MCX, tradingsymbol: CRUDEOILM17NOV266750CE, symboltoken: 583192
    1898. exchange: MCX, tradingsymbol: CRUDEOILM17NOV266750PE, symboltoken: 583342
    1899. exchange: MCX, tradingsymbol: CRUDEOILM17NOV266800CE, symboltoken: 583191
    1900. exchange: MCX, tradingsymbol: CRUDEOILM17NOV266800PE, symboltoken: 583341
    1901. exchange: MCX, tradingsymbol: CRUDEOILM17NOV266850CE, symboltoken: 583190
    1902. exchange: MCX, tradingsymbol: CRUDEOILM17NOV266850PE, symboltoken: 583340
    1903. exchange: MCX, tradingsymbol: CRUDEOILM17NOV266900CE, symboltoken: 583189
    1904. exchange: MCX, tradingsymbol: CRUDEOILM17NOV266900PE, symboltoken: 583339
    1905. exchange: MCX, tradingsymbol: CRUDEOILM17NOV266950CE, symboltoken: 583188
    1906. exchange: MCX, tradingsymbol: CRUDEOILM17NOV266950PE, symboltoken: 583338
    1907. exchange: MCX, tradingsymbol: CRUDEOILM17NOV267000CE, symboltoken: 583187
    1908. exchange: MCX, tradingsymbol: CRUDEOILM17NOV267000PE, symboltoken: 583337
    1909. exchange: MCX, tradingsymbol: CRUDEOILM17NOV267050CE, symboltoken: 583186
    1910. exchange: MCX, tradingsymbol: CRUDEOILM17NOV267050PE, symboltoken: 583336
    1911. exchange: MCX, tradingsymbol: CRUDEOILM17NOV267100CE, symboltoken: 583185
    1912. exchange: MCX, tradingsymbol: CRUDEOILM17NOV267100PE, symboltoken: 583335
    1913. exchange: MCX, tradingsymbol: CRUDEOILM17NOV267150CE, symboltoken: 583184
    1914. exchange: MCX, tradingsymbol: CRUDEOILM17NOV267150PE, symboltoken: 583334
    1915. exchange: MCX, tradingsymbol: CRUDEOILM17NOV267200CE, symboltoken: 583183
    1916. exchange: MCX, tradingsymbol: CRUDEOILM17NOV267200PE, symboltoken: 583333
    1917. exchange: MCX, tradingsymbol: CRUDEOILM17NOV267250CE, symboltoken: 583182
    1918. exchange: MCX, tradingsymbol: CRUDEOILM17NOV267250PE, symboltoken: 583332
    1919. exchange: MCX, tradingsymbol: CRUDEOILM17NOV267300CE, symboltoken: 583181
    1920. exchange: MCX, tradingsymbol: CRUDEOILM17NOV267300PE, symboltoken: 583331
    1921. exchange: MCX, tradingsymbol: CRUDEOILM17NOV267350CE, symboltoken: 583180
    1922. exchange: MCX, tradingsymbol: CRUDEOILM17NOV267350PE, symboltoken: 583330
    1923. exchange: MCX, tradingsymbol: CRUDEOILM17NOV267400CE, symboltoken: 583179
    1924. exchange: MCX, tradingsymbol: CRUDEOILM17NOV267400PE, symboltoken: 583329
    1925. exchange: MCX, tradingsymbol: CRUDEOILM17NOV267450CE, symboltoken: 583178
    1926. exchange: MCX, tradingsymbol: CRUDEOILM17NOV267450PE, symboltoken: 583328
    1927. exchange: MCX, tradingsymbol: CRUDEOILM17NOV267500CE, symboltoken: 583177
    1928. exchange: MCX, tradingsymbol: CRUDEOILM17NOV267500PE, symboltoken: 583327
    1929. exchange: MCX, tradingsymbol: CRUDEOILM17NOV267550CE, symboltoken: 583176
    1930. exchange: MCX, tradingsymbol: CRUDEOILM17NOV267550PE, symboltoken: 583326
    1931. exchange: MCX, tradingsymbol: CRUDEOILM17NOV267600CE, symboltoken: 583175
    1932. exchange: MCX, tradingsymbol: CRUDEOILM17NOV267600PE, symboltoken: 583325
    1933. exchange: MCX, tradingsymbol: CRUDEOILM17NOV267650CE, symboltoken: 583174
    1934. exchange: MCX, tradingsymbol: CRUDEOILM17NOV267650PE, symboltoken: 583324
    1935. exchange: MCX, tradingsymbol: CRUDEOILM17NOV267700CE, symboltoken: 583173
    1936. exchange: MCX, tradingsymbol: CRUDEOILM17NOV267700PE, symboltoken: 583323
    1937. exchange: MCX, tradingsymbol: CRUDEOILM17NOV267750CE, symboltoken: 583172
    1938. exchange: MCX, tradingsymbol: CRUDEOILM17NOV267750PE, symboltoken: 583322
    1939. exchange: MCX, tradingsymbol: CRUDEOILM17NOV267800CE, symboltoken: 583171
    1940. exchange: MCX, tradingsymbol: CRUDEOILM17NOV267800PE, symboltoken: 583321
    1941. exchange: MCX, tradingsymbol: CRUDEOILM17NOV267850CE, symboltoken: 583170
    1942. exchange: MCX, tradingsymbol: CRUDEOILM17NOV267850PE, symboltoken: 583320
    1943. exchange: MCX, tradingsymbol: CRUDEOILM17NOV267900CE, symboltoken: 582831
    1944. exchange: MCX, tradingsymbol: CRUDEOILM17NOV267900PE, symboltoken: 582832
    1945. exchange: MCX, tradingsymbol: CRUDEOILM17NOV267950CE, symboltoken: 583245
    1946. exchange: MCX, tradingsymbol: CRUDEOILM17NOV267950PE, symboltoken: 583395
    1947. exchange: MCX, tradingsymbol: CRUDEOILM17NOV268000CE, symboltoken: 583246
    1948. exchange: MCX, tradingsymbol: CRUDEOILM17NOV268000PE, symboltoken: 583396
    1949. exchange: MCX, tradingsymbol: CRUDEOILM17NOV268050CE, symboltoken: 583247
    1950. exchange: MCX, tradingsymbol: CRUDEOILM17NOV268050PE, symboltoken: 583397
    1951. exchange: MCX, tradingsymbol: CRUDEOILM17NOV268100CE, symboltoken: 583248
    1952. exchange: MCX, tradingsymbol: CRUDEOILM17NOV268100PE, symboltoken: 583398
    1953. exchange: MCX, tradingsymbol: CRUDEOILM17NOV268150CE, symboltoken: 583249
    1954. exchange: MCX, tradingsymbol: CRUDEOILM17NOV268150PE, symboltoken: 583399
    1955. exchange: MCX, tradingsymbol: CRUDEOILM17NOV268200CE, symboltoken: 583250
    1956. exchange: MCX, tradingsymbol: CRUDEOILM17NOV268200PE, symboltoken: 583400
    1957. exchange: MCX, tradingsymbol: CRUDEOILM17NOV268250CE, symboltoken: 583251
    1958. exchange: MCX, tradingsymbol: CRUDEOILM17NOV268250PE, symboltoken: 583401
    1959. exchange: MCX, tradingsymbol: CRUDEOILM17NOV268300CE, symboltoken: 583252
    1960. exchange: MCX, tradingsymbol: CRUDEOILM17NOV268300PE, symboltoken: 583402
    1961. exchange: MCX, tradingsymbol: CRUDEOILM17NOV268350CE, symboltoken: 583253
    1962. exchange: MCX, tradingsymbol: CRUDEOILM17NOV268350PE, symboltoken: 583403
    1963. exchange: MCX, tradingsymbol: CRUDEOILM17NOV268400CE, symboltoken: 583254
    1964. exchange: MCX, tradingsymbol: CRUDEOILM17NOV268400PE, symboltoken: 583404
    1965. exchange: MCX, tradingsymbol: CRUDEOILM17NOV268450CE, symboltoken: 583255
    1966. exchange: MCX, tradingsymbol: CRUDEOILM17NOV268450PE, symboltoken: 583405
    1967. exchange: MCX, tradingsymbol: CRUDEOILM17NOV268500CE, symboltoken: 583256
    1968. exchange: MCX, tradingsymbol: CRUDEOILM17NOV268500PE, symboltoken: 583406
    1969. exchange: MCX, tradingsymbol: CRUDEOILM17NOV268550CE, symboltoken: 583257
    1970. exchange: MCX, tradingsymbol: CRUDEOILM17NOV268550PE, symboltoken: 583407
    1971. exchange: MCX, tradingsymbol: CRUDEOILM17NOV268600CE, symboltoken: 583258
    1972. exchange: MCX, tradingsymbol: CRUDEOILM17NOV268600PE, symboltoken: 583408
    1973. exchange: MCX, tradingsymbol: CRUDEOILM17NOV268650CE, symboltoken: 583259
    1974. exchange: MCX, tradingsymbol: CRUDEOILM17NOV268650PE, symboltoken: 583409
    1975. exchange: MCX, tradingsymbol: CRUDEOILM17NOV268700CE, symboltoken: 583260
    1976. exchange: MCX, tradingsymbol: CRUDEOILM17NOV268700PE, symboltoken: 583410
    1977. exchange: MCX, tradingsymbol: CRUDEOILM17NOV268750CE, symboltoken: 583261
    1978. exchange: MCX, tradingsymbol: CRUDEOILM17NOV268750PE, symboltoken: 583411
    1979. exchange: MCX, tradingsymbol: CRUDEOILM17NOV268800CE, symboltoken: 583262
    1980. exchange: MCX, tradingsymbol: CRUDEOILM17NOV268800PE, symboltoken: 583412
    1981. exchange: MCX, tradingsymbol: CRUDEOILM17NOV268850CE, symboltoken: 583263
    1982. exchange: MCX, tradingsymbol: CRUDEOILM17NOV268850PE, symboltoken: 583413
    1983. exchange: MCX, tradingsymbol: CRUDEOILM17NOV268900CE, symboltoken: 583264
    1984. exchange: MCX, tradingsymbol: CRUDEOILM17NOV268900PE, symboltoken: 583414
    1985. exchange: MCX, tradingsymbol: CRUDEOILM17NOV268950CE, symboltoken: 583265
    1986. exchange: MCX, tradingsymbol: CRUDEOILM17NOV268950PE, symboltoken: 583415
    1987. exchange: MCX, tradingsymbol: CRUDEOILM17NOV269000CE, symboltoken: 583266
    1988. exchange: MCX, tradingsymbol: CRUDEOILM17NOV269000PE, symboltoken: 583416
    1989. exchange: MCX, tradingsymbol: CRUDEOILM17NOV269050CE, symboltoken: 583267
    1990. exchange: MCX, tradingsymbol: CRUDEOILM17NOV269050PE, symboltoken: 583417
    1991. exchange: MCX, tradingsymbol: CRUDEOILM17NOV269100CE, symboltoken: 583268
    1992. exchange: MCX, tradingsymbol: CRUDEOILM17NOV269100PE, symboltoken: 583418
    1993. exchange: MCX, tradingsymbol: CRUDEOILM17NOV269150CE, symboltoken: 583269
    1994. exchange: MCX, tradingsymbol: CRUDEOILM17NOV269150PE, symboltoken: 583419
    1995. exchange: MCX, tradingsymbol: CRUDEOILM17NOV269200CE, symboltoken: 583270
    1996. exchange: MCX, tradingsymbol: CRUDEOILM17NOV269200PE, symboltoken: 583420
    1997. exchange: MCX, tradingsymbol: CRUDEOILM17NOV269250CE, symboltoken: 583271
    1998. exchange: MCX, tradingsymbol: CRUDEOILM17NOV269250PE, symboltoken: 583421
    1999. exchange: MCX, tradingsymbol: CRUDEOILM17NOV269300CE, symboltoken: 583272
    2000. exchange: MCX, tradingsymbol: CRUDEOILM17NOV269300PE, symboltoken: 583422
    2001. exchange: MCX, tradingsymbol: CRUDEOILM17NOV269350CE, symboltoken: 583273
    2002. exchange: MCX, tradingsymbol: CRUDEOILM17NOV269350PE, symboltoken: 583423
    2003. exchange: MCX, tradingsymbol: CRUDEOILM17NOV269400CE, symboltoken: 583274
    2004. exchange: MCX, tradingsymbol: CRUDEOILM17NOV269400PE, symboltoken: 583424
    2005. exchange: MCX, tradingsymbol: CRUDEOILM17NOV269450CE, symboltoken: 583275
    2006. exchange: MCX, tradingsymbol: CRUDEOILM17NOV269450PE, symboltoken: 583425
    2007. exchange: MCX, tradingsymbol: CRUDEOILM17NOV269500CE, symboltoken: 583276
    2008. exchange: MCX, tradingsymbol: CRUDEOILM17NOV269500PE, symboltoken: 583426
    2009. exchange: MCX, tradingsymbol: CRUDEOILM17NOV269550CE, symboltoken: 583277
    2010. exchange: MCX, tradingsymbol: CRUDEOILM17NOV269550PE, symboltoken: 583427
    2011. exchange: MCX, tradingsymbol: CRUDEOILM17NOV269600CE, symboltoken: 583278
    2012. exchange: MCX, tradingsymbol: CRUDEOILM17NOV269600PE, symboltoken: 583428
    2013. exchange: MCX, tradingsymbol: CRUDEOILM17NOV269650CE, symboltoken: 583279
    2014. exchange: MCX, tradingsymbol: CRUDEOILM17NOV269650PE, symboltoken: 583429
    2015. exchange: MCX, tradingsymbol: CRUDEOILM17NOV269700CE, symboltoken: 583280
    2016. exchange: MCX, tradingsymbol: CRUDEOILM17NOV269700PE, symboltoken: 583430
    2017. exchange: MCX, tradingsymbol: CRUDEOILM17NOV269750CE, symboltoken: 583281
    2018. exchange: MCX, tradingsymbol: CRUDEOILM17NOV269750PE, symboltoken: 583431
    2019. exchange: MCX, tradingsymbol: CRUDEOILM17NOV269800CE, symboltoken: 583282
    2020. exchange: MCX, tradingsymbol: CRUDEOILM17NOV269800PE, symboltoken: 583432
    2021. exchange: MCX, tradingsymbol: CRUDEOILM17NOV269850CE, symboltoken: 583283
    2022. exchange: MCX, tradingsymbol: CRUDEOILM17NOV269850PE, symboltoken: 583433
    2023. exchange: MCX, tradingsymbol: CRUDEOILM17NOV269900CE, symboltoken: 583284
    2024. exchange: MCX, tradingsymbol: CRUDEOILM17NOV269900PE, symboltoken: 583434
    2025. exchange: MCX, tradingsymbol: CRUDEOILM17NOV269950CE, symboltoken: 583285
    2026. exchange: MCX, tradingsymbol: CRUDEOILM17NOV269950PE, symboltoken: 583435
    2027. exchange: MCX, tradingsymbol: CRUDEOILM17SEP2610000CE, symboltoken: 576715
    2028. exchange: MCX, tradingsymbol: CRUDEOILM17SEP2610000PE, symboltoken: 576869
    2029. exchange: MCX, tradingsymbol: CRUDEOILM17SEP2610050CE, symboltoken: 576716
    2030. exchange: MCX, tradingsymbol: CRUDEOILM17SEP2610050PE, symboltoken: 576870
    2031. exchange: MCX, tradingsymbol: CRUDEOILM17SEP2610100CE, symboltoken: 576717
    2032. exchange: MCX, tradingsymbol: CRUDEOILM17SEP2610100PE, symboltoken: 576871
    2033. exchange: MCX, tradingsymbol: CRUDEOILM17SEP2610150CE, symboltoken: 576718
    2034. exchange: MCX, tradingsymbol: CRUDEOILM17SEP2610150PE, symboltoken: 576872
    2035. exchange: MCX, tradingsymbol: CRUDEOILM17SEP2610200CE, symboltoken: 576719
    2036. exchange: MCX, tradingsymbol: CRUDEOILM17SEP2610200PE, symboltoken: 576873
    2037. exchange: MCX, tradingsymbol: CRUDEOILM17SEP2610250CE, symboltoken: 576720
    2038. exchange: MCX, tradingsymbol: CRUDEOILM17SEP2610250PE, symboltoken: 576874
    2039. exchange: MCX, tradingsymbol: CRUDEOILM17SEP2610300CE, symboltoken: 576721
    2040. exchange: MCX, tradingsymbol: CRUDEOILM17SEP2610300PE, symboltoken: 576875
    2041. exchange: MCX, tradingsymbol: CRUDEOILM17SEP2610350CE, symboltoken: 576722
    2042. exchange: MCX, tradingsymbol: CRUDEOILM17SEP2610350PE, symboltoken: 576876
    2043. exchange: MCX, tradingsymbol: CRUDEOILM17SEP2610400CE, symboltoken: 576723
    2044. exchange: MCX, tradingsymbol: CRUDEOILM17SEP2610400PE, symboltoken: 576877
    2045. exchange: MCX, tradingsymbol: CRUDEOILM17SEP2610450CE, symboltoken: 576724
    2046. exchange: MCX, tradingsymbol: CRUDEOILM17SEP2610450PE, symboltoken: 576878
    2047. exchange: MCX, tradingsymbol: CRUDEOILM17SEP2610500CE, symboltoken: 576725
    2048. exchange: MCX, tradingsymbol: CRUDEOILM17SEP2610500PE, symboltoken: 576879
    2049. exchange: MCX, tradingsymbol: CRUDEOILM17SEP2610550CE, symboltoken: 576726
    2050. exchange: MCX, tradingsymbol: CRUDEOILM17SEP2610550PE, symboltoken: 576880
    2051. exchange: MCX, tradingsymbol: CRUDEOILM17SEP2610600CE, symboltoken: 576727
    2052. exchange: MCX, tradingsymbol: CRUDEOILM17SEP2610600PE, symboltoken: 576881
    2053. exchange: MCX, tradingsymbol: CRUDEOILM17SEP2610650CE, symboltoken: 576728
    2054. exchange: MCX, tradingsymbol: CRUDEOILM17SEP2610650PE, symboltoken: 576882
    2055. exchange: MCX, tradingsymbol: CRUDEOILM17SEP2610700CE, symboltoken: 576729
    2056. exchange: MCX, tradingsymbol: CRUDEOILM17SEP2610700PE, symboltoken: 576883
    2057. exchange: MCX, tradingsymbol: CRUDEOILM17SEP2610750CE, symboltoken: 576913
    2058. exchange: MCX, tradingsymbol: CRUDEOILM17SEP2610750PE, symboltoken: 576917
    2059. exchange: MCX, tradingsymbol: CRUDEOILM17SEP2610800CE, symboltoken: 576914
    2060. exchange: MCX, tradingsymbol: CRUDEOILM17SEP2610800PE, symboltoken: 576918
    2061. exchange: MCX, tradingsymbol: CRUDEOILM17SEP2610850CE, symboltoken: 576915
    2062. exchange: MCX, tradingsymbol: CRUDEOILM17SEP2610850PE, symboltoken: 576919
    2063. exchange: MCX, tradingsymbol: CRUDEOILM17SEP2610900CE, symboltoken: 576916
    2064. exchange: MCX, tradingsymbol: CRUDEOILM17SEP2610900PE, symboltoken: 576920
    2065. exchange: MCX, tradingsymbol: CRUDEOILM17SEP2610950CE, symboltoken: 579269
    2066. exchange: MCX, tradingsymbol: CRUDEOILM17SEP2610950PE, symboltoken: 579274
    2067. exchange: MCX, tradingsymbol: CRUDEOILM17SEP2611000CE, symboltoken: 579270
    2068. exchange: MCX, tradingsymbol: CRUDEOILM17SEP2611000PE, symboltoken: 579275
    2069. exchange: MCX, tradingsymbol: CRUDEOILM17SEP2611050CE, symboltoken: 579271
    2070. exchange: MCX, tradingsymbol: CRUDEOILM17SEP2611050PE, symboltoken: 579276
    2071. exchange: MCX, tradingsymbol: CRUDEOILM17SEP2611100CE, symboltoken: 579272
    2072. exchange: MCX, tradingsymbol: CRUDEOILM17SEP2611100PE, symboltoken: 579277
    2073. exchange: MCX, tradingsymbol: CRUDEOILM17SEP2611150CE, symboltoken: 579273
    2074. exchange: MCX, tradingsymbol: CRUDEOILM17SEP2611150PE, symboltoken: 579278
    2075. exchange: MCX, tradingsymbol: CRUDEOILM17SEP2611200CE, symboltoken: 579300
    2076. exchange: MCX, tradingsymbol: CRUDEOILM17SEP2611200PE, symboltoken: 579302
    2077. exchange: MCX, tradingsymbol: CRUDEOILM17SEP2611250CE, symboltoken: 579301
    2078. exchange: MCX, tradingsymbol: CRUDEOILM17SEP2611250PE, symboltoken: 579303
    2079. exchange: MCX, tradingsymbol: CRUDEOILM17SEP2611300CE, symboltoken: 579992
    2080. exchange: MCX, tradingsymbol: CRUDEOILM17SEP2611300PE, symboltoken: 579993
    2081. exchange: MCX, tradingsymbol: CRUDEOILM17SEP2611350CE, symboltoken: 580363
    2082. exchange: MCX, tradingsymbol: CRUDEOILM17SEP2611350PE, symboltoken: 580368
    2083. exchange: MCX, tradingsymbol: CRUDEOILM17SEP2611400CE, symboltoken: 580364
    2084. exchange: MCX, tradingsymbol: CRUDEOILM17SEP2611400PE, symboltoken: 580369
    2085. exchange: MCX, tradingsymbol: CRUDEOILM17SEP2611450CE, symboltoken: 580365
    2086. exchange: MCX, tradingsymbol: CRUDEOILM17SEP2611450PE, symboltoken: 580370
    2087. exchange: MCX, tradingsymbol: CRUDEOILM17SEP2611500CE, symboltoken: 580366
    2088. exchange: MCX, tradingsymbol: CRUDEOILM17SEP2611500PE, symboltoken: 580371
    2089. exchange: MCX, tradingsymbol: CRUDEOILM17SEP2611550CE, symboltoken: 580367
    2090. exchange: MCX, tradingsymbol: CRUDEOILM17SEP2611550PE, symboltoken: 580372
    2091. exchange: MCX, tradingsymbol: CRUDEOILM17SEP2611600CE, symboltoken: 580681
    2092. exchange: MCX, tradingsymbol: CRUDEOILM17SEP2611600PE, symboltoken: 580832
    2093. exchange: MCX, tradingsymbol: CRUDEOILM17SEP2611650CE, symboltoken: 580997
    2094. exchange: MCX, tradingsymbol: CRUDEOILM17SEP2611650PE, symboltoken: 581001
    2095. exchange: MCX, tradingsymbol: CRUDEOILM17SEP2611700CE, symboltoken: 580998
    2096. exchange: MCX, tradingsymbol: CRUDEOILM17SEP2611700PE, symboltoken: 581002
    2097. exchange: MCX, tradingsymbol: CRUDEOILM17SEP2611750CE, symboltoken: 580999
    2098. exchange: MCX, tradingsymbol: CRUDEOILM17SEP2611750PE, symboltoken: 581003
    2099. exchange: MCX, tradingsymbol: CRUDEOILM17SEP2611800CE, symboltoken: 581031
    2100. exchange: MCX, tradingsymbol: CRUDEOILM17SEP2611800PE, symboltoken: 581036
    2101. exchange: MCX, tradingsymbol: CRUDEOILM17SEP2611850CE, symboltoken: 581032
    2102. exchange: MCX, tradingsymbol: CRUDEOILM17SEP2611850PE, symboltoken: 581037
    2103. exchange: MCX, tradingsymbol: CRUDEOILM17SEP2611900CE, symboltoken: 581033
    2104. exchange: MCX, tradingsymbol: CRUDEOILM17SEP2611900PE, symboltoken: 581038
    2105. exchange: MCX, tradingsymbol: CRUDEOILM17SEP2611950CE, symboltoken: 581075
    2106. exchange: MCX, tradingsymbol: CRUDEOILM17SEP2611950PE, symboltoken: 581091
    2107. exchange: MCX, tradingsymbol: CRUDEOILM17SEP2612000CE, symboltoken: 581076
    2108. exchange: MCX, tradingsymbol: CRUDEOILM17SEP2612000PE, symboltoken: 581092
    2109. exchange: MCX, tradingsymbol: CRUDEOILM17SEP2612050CE, symboltoken: 581077
    2110. exchange: MCX, tradingsymbol: CRUDEOILM17SEP2612050PE, symboltoken: 581093
    2111. exchange: MCX, tradingsymbol: CRUDEOILM17SEP2612100CE, symboltoken: 581078
    2112. exchange: MCX, tradingsymbol: CRUDEOILM17SEP2612100PE, symboltoken: 581094
    2113. exchange: MCX, tradingsymbol: CRUDEOILM17SEP2612150CE, symboltoken: 581079
    2114. exchange: MCX, tradingsymbol: CRUDEOILM17SEP2612150PE, symboltoken: 581095
    2115. exchange: MCX, tradingsymbol: CRUDEOILM17SEP2612200CE, symboltoken: 581080
    2116. exchange: MCX, tradingsymbol: CRUDEOILM17SEP2612200PE, symboltoken: 581096
    2117. exchange: MCX, tradingsymbol: CRUDEOILM17SEP2612250CE, symboltoken: 581081
    2118. exchange: MCX, tradingsymbol: CRUDEOILM17SEP2612250PE, symboltoken: 581097
    2119. exchange: MCX, tradingsymbol: CRUDEOILM17SEP2612300CE, symboltoken: 581082
    2120. exchange: MCX, tradingsymbol: CRUDEOILM17SEP2612300PE, symboltoken: 581098
    2121. exchange: MCX, tradingsymbol: CRUDEOILM17SEP2612350CE, symboltoken: 581083
    2122. exchange: MCX, tradingsymbol: CRUDEOILM17SEP2612350PE, symboltoken: 581099
    2123. exchange: MCX, tradingsymbol: CRUDEOILM17SEP2612400CE, symboltoken: 584498
    2124. exchange: MCX, tradingsymbol: CRUDEOILM17SEP2612400PE, symboltoken: 584499
    2125. exchange: MCX, tradingsymbol: CRUDEOILM17SEP2612450CE, symboltoken: 584741
    2126. exchange: MCX, tradingsymbol: CRUDEOILM17SEP2612450PE, symboltoken: 584747
    2127. exchange: MCX, tradingsymbol: CRUDEOILM17SEP2612500CE, symboltoken: 584742
    2128. exchange: MCX, tradingsymbol: CRUDEOILM17SEP2612500PE, symboltoken: 584748
    2129. exchange: MCX, tradingsymbol: CRUDEOILM17SEP2612550CE, symboltoken: 584835
    2130. exchange: MCX, tradingsymbol: CRUDEOILM17SEP2612550PE, symboltoken: 584853
    2131. exchange: MCX, tradingsymbol: CRUDEOILM17SEP2612600CE, symboltoken: 584836
    2132. exchange: MCX, tradingsymbol: CRUDEOILM17SEP2612600PE, symboltoken: 584854
    2133. exchange: MCX, tradingsymbol: CRUDEOILM17SEP2612650CE, symboltoken: 584837
    2134. exchange: MCX, tradingsymbol: CRUDEOILM17SEP2612650PE, symboltoken: 584855
    2135. exchange: MCX, tradingsymbol: CRUDEOILM17SEP2612700CE, symboltoken: 584838
    2136. exchange: MCX, tradingsymbol: CRUDEOILM17SEP2612700PE, symboltoken: 584856
    2137. exchange: MCX, tradingsymbol: CRUDEOILM17SEP2612750CE, symboltoken: 584839
    2138. exchange: MCX, tradingsymbol: CRUDEOILM17SEP2612750PE, symboltoken: 584857
    2139. exchange: MCX, tradingsymbol: CRUDEOILM17SEP2612800CE, symboltoken: 584840
    2140. exchange: MCX, tradingsymbol: CRUDEOILM17SEP2612800PE, symboltoken: 584858
    2141. exchange: MCX, tradingsymbol: CRUDEOILM17SEP2612850CE, symboltoken: 584841
    2142. exchange: MCX, tradingsymbol: CRUDEOILM17SEP2612850PE, symboltoken: 584859
    2143. exchange: MCX, tradingsymbol: CRUDEOILM17SEP2612900CE, symboltoken: 584939
    2144. exchange: MCX, tradingsymbol: CRUDEOILM17SEP2612900PE, symboltoken: 584971
    2145. exchange: MCX, tradingsymbol: CRUDEOILM17SEP2612950CE, symboltoken: 584940
    2146. exchange: MCX, tradingsymbol: CRUDEOILM17SEP2612950PE, symboltoken: 584972
    2147. exchange: MCX, tradingsymbol: CRUDEOILM17SEP2613000CE, symboltoken: 584941
    2148. exchange: MCX, tradingsymbol: CRUDEOILM17SEP2613000PE, symboltoken: 584973
    2149. exchange: MCX, tradingsymbol: CRUDEOILM17SEP2613050CE, symboltoken: 584942
    2150. exchange: MCX, tradingsymbol: CRUDEOILM17SEP2613050PE, symboltoken: 584974
    2151. exchange: MCX, tradingsymbol: CRUDEOILM17SEP2613100CE, symboltoken: 584943
    2152. exchange: MCX, tradingsymbol: CRUDEOILM17SEP2613100PE, symboltoken: 584975
    2153. exchange: MCX, tradingsymbol: CRUDEOILM17SEP2613150CE, symboltoken: 584944
    2154. exchange: MCX, tradingsymbol: CRUDEOILM17SEP2613150PE, symboltoken: 584976
    2155. exchange: MCX, tradingsymbol: CRUDEOILM17SEP2613200CE, symboltoken: 584945
    2156. exchange: MCX, tradingsymbol: CRUDEOILM17SEP2613200PE, symboltoken: 584977
    2157. exchange: MCX, tradingsymbol: CRUDEOILM17SEP2613250CE, symboltoken: 584946
    2158. exchange: MCX, tradingsymbol: CRUDEOILM17SEP2613250PE, symboltoken: 584978
    2159. exchange: MCX, tradingsymbol: CRUDEOILM17SEP2613300CE, symboltoken: 584947
    2160. exchange: MCX, tradingsymbol: CRUDEOILM17SEP2613300PE, symboltoken: 584979
    2161. exchange: MCX, tradingsymbol: CRUDEOILM17SEP2613350CE, symboltoken: 584948
    2162. exchange: MCX, tradingsymbol: CRUDEOILM17SEP2613350PE, symboltoken: 584980
    2163. exchange: MCX, tradingsymbol: CRUDEOILM17SEP2613400CE, symboltoken: 584949
    2164. exchange: MCX, tradingsymbol: CRUDEOILM17SEP2613400PE, symboltoken: 584981
    2165. exchange: MCX, tradingsymbol: CRUDEOILM17SEP2613450CE, symboltoken: 584950
    2166. exchange: MCX, tradingsymbol: CRUDEOILM17SEP2613450PE, symboltoken: 584982
    2167. exchange: MCX, tradingsymbol: CRUDEOILM17SEP2613500CE, symboltoken: 585732
    2168. exchange: MCX, tradingsymbol: CRUDEOILM17SEP2613500PE, symboltoken: 585757
    2169. exchange: MCX, tradingsymbol: CRUDEOILM17SEP2613550CE, symboltoken: 585733
    2170. exchange: MCX, tradingsymbol: CRUDEOILM17SEP2613550PE, symboltoken: 585758
    2171. exchange: MCX, tradingsymbol: CRUDEOILM17SEP2613600CE, symboltoken: 585734
    2172. exchange: MCX, tradingsymbol: CRUDEOILM17SEP2613600PE, symboltoken: 585759
    2173. exchange: MCX, tradingsymbol: CRUDEOILM17SEP2613650CE, symboltoken: 585735
    2174. exchange: MCX, tradingsymbol: CRUDEOILM17SEP2613650PE, symboltoken: 585760
    2175. exchange: MCX, tradingsymbol: CRUDEOILM17SEP2613700CE, symboltoken: 585736
    2176. exchange: MCX, tradingsymbol: CRUDEOILM17SEP2613700PE, symboltoken: 585761
    2177. exchange: MCX, tradingsymbol: CRUDEOILM17SEP2613750CE, symboltoken: 585737
    2178. exchange: MCX, tradingsymbol: CRUDEOILM17SEP2613750PE, symboltoken: 585762
    2179. exchange: MCX, tradingsymbol: CRUDEOILM17SEP2613800CE, symboltoken: 585738
    2180. exchange: MCX, tradingsymbol: CRUDEOILM17SEP2613800PE, symboltoken: 585763
    2181. exchange: MCX, tradingsymbol: CRUDEOILM17SEP2613850CE, symboltoken: 585739
    2182. exchange: MCX, tradingsymbol: CRUDEOILM17SEP2613850PE, symboltoken: 585764
    2183. exchange: MCX, tradingsymbol: CRUDEOILM17SEP2613900CE, symboltoken: 585740
    2184. exchange: MCX, tradingsymbol: CRUDEOILM17SEP2613900PE, symboltoken: 585765
    2185. exchange: MCX, tradingsymbol: CRUDEOILM17SEP2613950CE, symboltoken: 585741
    2186. exchange: MCX, tradingsymbol: CRUDEOILM17SEP2613950PE, symboltoken: 585766
    2187. exchange: MCX, tradingsymbol: CRUDEOILM17SEP262850CE, symboltoken: 578605
    2188. exchange: MCX, tradingsymbol: CRUDEOILM17SEP262850PE, symboltoken: 578608
    2189. exchange: MCX, tradingsymbol: CRUDEOILM17SEP262900CE, symboltoken: 578035
    2190. exchange: MCX, tradingsymbol: CRUDEOILM17SEP262900PE, symboltoken: 578052
    2191. exchange: MCX, tradingsymbol: CRUDEOILM17SEP262950CE, symboltoken: 578034
    2192. exchange: MCX, tradingsymbol: CRUDEOILM17SEP262950PE, symboltoken: 578051
    2193. exchange: MCX, tradingsymbol: CRUDEOILM17SEP263000CE, symboltoken: 578033
    2194. exchange: MCX, tradingsymbol: CRUDEOILM17SEP263000PE, symboltoken: 578050
    2195. exchange: MCX, tradingsymbol: CRUDEOILM17SEP263050CE, symboltoken: 578032
    2196. exchange: MCX, tradingsymbol: CRUDEOILM17SEP263050PE, symboltoken: 578049
    2197. exchange: MCX, tradingsymbol: CRUDEOILM17SEP263100CE, symboltoken: 578031
    2198. exchange: MCX, tradingsymbol: CRUDEOILM17SEP263100PE, symboltoken: 578048
    2199. exchange: MCX, tradingsymbol: CRUDEOILM17SEP263150CE, symboltoken: 577080
    2200. exchange: MCX, tradingsymbol: CRUDEOILM17SEP263150PE, symboltoken: 577082
    2201. exchange: MCX, tradingsymbol: CRUDEOILM17SEP263200CE, symboltoken: 576654
    2202. exchange: MCX, tradingsymbol: CRUDEOILM17SEP263200PE, symboltoken: 576808
    2203. exchange: MCX, tradingsymbol: CRUDEOILM17SEP263250CE, symboltoken: 576653
    2204. exchange: MCX, tradingsymbol: CRUDEOILM17SEP263250PE, symboltoken: 576807
    2205. exchange: MCX, tradingsymbol: CRUDEOILM17SEP263300CE, symboltoken: 576652
    2206. exchange: MCX, tradingsymbol: CRUDEOILM17SEP263300PE, symboltoken: 576806
    2207. exchange: MCX, tradingsymbol: CRUDEOILM17SEP263350CE, symboltoken: 576651
    2208. exchange: MCX, tradingsymbol: CRUDEOILM17SEP263350PE, symboltoken: 576805
    2209. exchange: MCX, tradingsymbol: CRUDEOILM17SEP263400CE, symboltoken: 576650
    2210. exchange: MCX, tradingsymbol: CRUDEOILM17SEP263400PE, symboltoken: 576804
    2211. exchange: MCX, tradingsymbol: CRUDEOILM17SEP263450CE, symboltoken: 576649
    2212. exchange: MCX, tradingsymbol: CRUDEOILM17SEP263450PE, symboltoken: 576803
    2213. exchange: MCX, tradingsymbol: CRUDEOILM17SEP263500CE, symboltoken: 576648
    2214. exchange: MCX, tradingsymbol: CRUDEOILM17SEP263500PE, symboltoken: 576802
    2215. exchange: MCX, tradingsymbol: CRUDEOILM17SEP263550CE, symboltoken: 576647
    2216. exchange: MCX, tradingsymbol: CRUDEOILM17SEP263550PE, symboltoken: 576801
    2217. exchange: MCX, tradingsymbol: CRUDEOILM17SEP263600CE, symboltoken: 576646
    2218. exchange: MCX, tradingsymbol: CRUDEOILM17SEP263600PE, symboltoken: 576800
    2219. exchange: MCX, tradingsymbol: CRUDEOILM17SEP263650CE, symboltoken: 576645
    2220. exchange: MCX, tradingsymbol: CRUDEOILM17SEP263650PE, symboltoken: 576799
    2221. exchange: MCX, tradingsymbol: CRUDEOILM17SEP263700CE, symboltoken: 576644
    2222. exchange: MCX, tradingsymbol: CRUDEOILM17SEP263700PE, symboltoken: 576798
    2223. exchange: MCX, tradingsymbol: CRUDEOILM17SEP263750CE, symboltoken: 576643
    2224. exchange: MCX, tradingsymbol: CRUDEOILM17SEP263750PE, symboltoken: 576797
    2225. exchange: MCX, tradingsymbol: CRUDEOILM17SEP263800CE, symboltoken: 576642
    2226. exchange: MCX, tradingsymbol: CRUDEOILM17SEP263800PE, symboltoken: 576796
    2227. exchange: MCX, tradingsymbol: CRUDEOILM17SEP263850CE, symboltoken: 576641
    2228. exchange: MCX, tradingsymbol: CRUDEOILM17SEP263850PE, symboltoken: 576795
    2229. exchange: MCX, tradingsymbol: CRUDEOILM17SEP263900CE, symboltoken: 576640
    2230. exchange: MCX, tradingsymbol: CRUDEOILM17SEP263900PE, symboltoken: 576794
    2231. exchange: MCX, tradingsymbol: CRUDEOILM17SEP263950CE, symboltoken: 576639
    2232. exchange: MCX, tradingsymbol: CRUDEOILM17SEP263950PE, symboltoken: 576793
    2233. exchange: MCX, tradingsymbol: CRUDEOILM17SEP264000CE, symboltoken: 576638
    2234. exchange: MCX, tradingsymbol: CRUDEOILM17SEP264000PE, symboltoken: 576792
    2235. exchange: MCX, tradingsymbol: CRUDEOILM17SEP264050CE, symboltoken: 576637
    2236. exchange: MCX, tradingsymbol: CRUDEOILM17SEP264050PE, symboltoken: 576791
    2237. exchange: MCX, tradingsymbol: CRUDEOILM17SEP264100CE, symboltoken: 576636
    2238. exchange: MCX, tradingsymbol: CRUDEOILM17SEP264100PE, symboltoken: 576790
    2239. exchange: MCX, tradingsymbol: CRUDEOILM17SEP264150CE, symboltoken: 576635
    2240. exchange: MCX, tradingsymbol: CRUDEOILM17SEP264150PE, symboltoken: 576789
    2241. exchange: MCX, tradingsymbol: CRUDEOILM17SEP264200CE, symboltoken: 576634
    2242. exchange: MCX, tradingsymbol: CRUDEOILM17SEP264200PE, symboltoken: 576788
    2243. exchange: MCX, tradingsymbol: CRUDEOILM17SEP264250CE, symboltoken: 576633
    2244. exchange: MCX, tradingsymbol: CRUDEOILM17SEP264250PE, symboltoken: 576787
    2245. exchange: MCX, tradingsymbol: CRUDEOILM17SEP264300CE, symboltoken: 576632
    2246. exchange: MCX, tradingsymbol: CRUDEOILM17SEP264300PE, symboltoken: 576786
    2247. exchange: MCX, tradingsymbol: CRUDEOILM17SEP264350CE, symboltoken: 576631
    2248. exchange: MCX, tradingsymbol: CRUDEOILM17SEP264350PE, symboltoken: 576785
    2249. exchange: MCX, tradingsymbol: CRUDEOILM17SEP264400CE, symboltoken: 576630
    2250. exchange: MCX, tradingsymbol: CRUDEOILM17SEP264400PE, symboltoken: 576784
    2251. exchange: MCX, tradingsymbol: CRUDEOILM17SEP264450CE, symboltoken: 576629
    2252. exchange: MCX, tradingsymbol: CRUDEOILM17SEP264450PE, symboltoken: 576783
    2253. exchange: MCX, tradingsymbol: CRUDEOILM17SEP264500CE, symboltoken: 576628
    2254. exchange: MCX, tradingsymbol: CRUDEOILM17SEP264500PE, symboltoken: 576782
    2255. exchange: MCX, tradingsymbol: CRUDEOILM17SEP264550CE, symboltoken: 576627
    2256. exchange: MCX, tradingsymbol: CRUDEOILM17SEP264550PE, symboltoken: 576781
    2257. exchange: MCX, tradingsymbol: CRUDEOILM17SEP264600CE, symboltoken: 576626
    2258. exchange: MCX, tradingsymbol: CRUDEOILM17SEP264600PE, symboltoken: 576780
    2259. exchange: MCX, tradingsymbol: CRUDEOILM17SEP264650CE, symboltoken: 576625
    2260. exchange: MCX, tradingsymbol: CRUDEOILM17SEP264650PE, symboltoken: 576779
    2261. exchange: MCX, tradingsymbol: CRUDEOILM17SEP264700CE, symboltoken: 576624
    2262. exchange: MCX, tradingsymbol: CRUDEOILM17SEP264700PE, symboltoken: 576778
    2263. exchange: MCX, tradingsymbol: CRUDEOILM17SEP264750CE, symboltoken: 576623
    2264. exchange: MCX, tradingsymbol: CRUDEOILM17SEP264750PE, symboltoken: 576777
    2265. exchange: MCX, tradingsymbol: CRUDEOILM17SEP264800CE, symboltoken: 576622
    2266. exchange: MCX, tradingsymbol: CRUDEOILM17SEP264800PE, symboltoken: 576776
    2267. exchange: MCX, tradingsymbol: CRUDEOILM17SEP264850CE, symboltoken: 576621
    2268. exchange: MCX, tradingsymbol: CRUDEOILM17SEP264850PE, symboltoken: 576775
    2269. exchange: MCX, tradingsymbol: CRUDEOILM17SEP264900CE, symboltoken: 576620
    2270. exchange: MCX, tradingsymbol: CRUDEOILM17SEP264900PE, symboltoken: 576774
    2271. exchange: MCX, tradingsymbol: CRUDEOILM17SEP264950CE, symboltoken: 576619
    2272. exchange: MCX, tradingsymbol: CRUDEOILM17SEP264950PE, symboltoken: 576773
    2273. exchange: MCX, tradingsymbol: CRUDEOILM17SEP265000CE, symboltoken: 576618
    2274. exchange: MCX, tradingsymbol: CRUDEOILM17SEP265000PE, symboltoken: 576772
    2275. exchange: MCX, tradingsymbol: CRUDEOILM17SEP265050CE, symboltoken: 576617
    2276. exchange: MCX, tradingsymbol: CRUDEOILM17SEP265050PE, symboltoken: 576771
    2277. exchange: MCX, tradingsymbol: CRUDEOILM17SEP265100CE, symboltoken: 576616
    2278. exchange: MCX, tradingsymbol: CRUDEOILM17SEP265100PE, symboltoken: 576770
    2279. exchange: MCX, tradingsymbol: CRUDEOILM17SEP265150CE, symboltoken: 576615
    2280. exchange: MCX, tradingsymbol: CRUDEOILM17SEP265150PE, symboltoken: 576769
    2281. exchange: MCX, tradingsymbol: CRUDEOILM17SEP265200CE, symboltoken: 576614
    2282. exchange: MCX, tradingsymbol: CRUDEOILM17SEP265200PE, symboltoken: 576768
    2283. exchange: MCX, tradingsymbol: CRUDEOILM17SEP265250CE, symboltoken: 576613
    2284. exchange: MCX, tradingsymbol: CRUDEOILM17SEP265250PE, symboltoken: 576767
    2285. exchange: MCX, tradingsymbol: CRUDEOILM17SEP265300CE, symboltoken: 576612
    2286. exchange: MCX, tradingsymbol: CRUDEOILM17SEP265300PE, symboltoken: 576766
    2287. exchange: MCX, tradingsymbol: CRUDEOILM17SEP265350CE, symboltoken: 576611
    2288. exchange: MCX, tradingsymbol: CRUDEOILM17SEP265350PE, symboltoken: 576765
    2289. exchange: MCX, tradingsymbol: CRUDEOILM17SEP265400CE, symboltoken: 576610
    2290. exchange: MCX, tradingsymbol: CRUDEOILM17SEP265400PE, symboltoken: 576764
    2291. exchange: MCX, tradingsymbol: CRUDEOILM17SEP265450CE, symboltoken: 576609
    2292. exchange: MCX, tradingsymbol: CRUDEOILM17SEP265450PE, symboltoken: 576763
    2293. exchange: MCX, tradingsymbol: CRUDEOILM17SEP265500CE, symboltoken: 576608
    2294. exchange: MCX, tradingsymbol: CRUDEOILM17SEP265500PE, symboltoken: 576762
    2295. exchange: MCX, tradingsymbol: CRUDEOILM17SEP265550CE, symboltoken: 576607
    2296. exchange: MCX, tradingsymbol: CRUDEOILM17SEP265550PE, symboltoken: 576761
    2297. exchange: MCX, tradingsymbol: CRUDEOILM17SEP265600CE, symboltoken: 576606
    2298. exchange: MCX, tradingsymbol: CRUDEOILM17SEP265600PE, symboltoken: 576760
    2299. exchange: MCX, tradingsymbol: CRUDEOILM17SEP265650CE, symboltoken: 576605
    2300. exchange: MCX, tradingsymbol: CRUDEOILM17SEP265650PE, symboltoken: 576759
    2301. exchange: MCX, tradingsymbol: CRUDEOILM17SEP265700CE, symboltoken: 576604
    2302. exchange: MCX, tradingsymbol: CRUDEOILM17SEP265700PE, symboltoken: 576758
    2303. exchange: MCX, tradingsymbol: CRUDEOILM17SEP265750CE, symboltoken: 576603
    2304. exchange: MCX, tradingsymbol: CRUDEOILM17SEP265750PE, symboltoken: 576757
    2305. exchange: MCX, tradingsymbol: CRUDEOILM17SEP265800CE, symboltoken: 576602
    2306. exchange: MCX, tradingsymbol: CRUDEOILM17SEP265800PE, symboltoken: 576756
    2307. exchange: MCX, tradingsymbol: CRUDEOILM17SEP265850CE, symboltoken: 576601
    2308. exchange: MCX, tradingsymbol: CRUDEOILM17SEP265850PE, symboltoken: 576755
    2309. exchange: MCX, tradingsymbol: CRUDEOILM17SEP265900CE, symboltoken: 576600
    2310. exchange: MCX, tradingsymbol: CRUDEOILM17SEP265900PE, symboltoken: 576754
    2311. exchange: MCX, tradingsymbol: CRUDEOILM17SEP265950CE, symboltoken: 576599
    2312. exchange: MCX, tradingsymbol: CRUDEOILM17SEP265950PE, symboltoken: 576753
    2313. exchange: MCX, tradingsymbol: CRUDEOILM17SEP266000CE, symboltoken: 576598
    2314. exchange: MCX, tradingsymbol: CRUDEOILM17SEP266000PE, symboltoken: 576752
    2315. exchange: MCX, tradingsymbol: CRUDEOILM17SEP266050CE, symboltoken: 576597
    2316. exchange: MCX, tradingsymbol: CRUDEOILM17SEP266050PE, symboltoken: 576751
    2317. exchange: MCX, tradingsymbol: CRUDEOILM17SEP266100CE, symboltoken: 576596
    2318. exchange: MCX, tradingsymbol: CRUDEOILM17SEP266100PE, symboltoken: 576750
    2319. exchange: MCX, tradingsymbol: CRUDEOILM17SEP266150CE, symboltoken: 576595
    2320. exchange: MCX, tradingsymbol: CRUDEOILM17SEP266150PE, symboltoken: 576749
    2321. exchange: MCX, tradingsymbol: CRUDEOILM17SEP266200CE, symboltoken: 576594
    2322. exchange: MCX, tradingsymbol: CRUDEOILM17SEP266200PE, symboltoken: 576748
    2323. exchange: MCX, tradingsymbol: CRUDEOILM17SEP266250CE, symboltoken: 576593
    2324. exchange: MCX, tradingsymbol: CRUDEOILM17SEP266250PE, symboltoken: 576747
    2325. exchange: MCX, tradingsymbol: CRUDEOILM17SEP266300CE, symboltoken: 576592
    2326. exchange: MCX, tradingsymbol: CRUDEOILM17SEP266300PE, symboltoken: 576746
    2327. exchange: MCX, tradingsymbol: CRUDEOILM17SEP266350CE, symboltoken: 576591
    2328. exchange: MCX, tradingsymbol: CRUDEOILM17SEP266350PE, symboltoken: 576745
    2329. exchange: MCX, tradingsymbol: CRUDEOILM17SEP266400CE, symboltoken: 576590
    2330. exchange: MCX, tradingsymbol: CRUDEOILM17SEP266400PE, symboltoken: 576744
    2331. exchange: MCX, tradingsymbol: CRUDEOILM17SEP266450CE, symboltoken: 576589
    2332. exchange: MCX, tradingsymbol: CRUDEOILM17SEP266450PE, symboltoken: 576743
    2333. exchange: MCX, tradingsymbol: CRUDEOILM17SEP266500CE, symboltoken: 576588
    2334. exchange: MCX, tradingsymbol: CRUDEOILM17SEP266500PE, symboltoken: 576742
    2335. exchange: MCX, tradingsymbol: CRUDEOILM17SEP266550CE, symboltoken: 576587
    2336. exchange: MCX, tradingsymbol: CRUDEOILM17SEP266550PE, symboltoken: 576741
    2337. exchange: MCX, tradingsymbol: CRUDEOILM17SEP266600CE, symboltoken: 576586
    2338. exchange: MCX, tradingsymbol: CRUDEOILM17SEP266600PE, symboltoken: 576740
    2339. exchange: MCX, tradingsymbol: CRUDEOILM17SEP266650CE, symboltoken: 576585
    2340. exchange: MCX, tradingsymbol: CRUDEOILM17SEP266650PE, symboltoken: 576739
    2341. exchange: MCX, tradingsymbol: CRUDEOILM17SEP266700CE, symboltoken: 576584
    2342. exchange: MCX, tradingsymbol: CRUDEOILM17SEP266700PE, symboltoken: 576738
    2343. exchange: MCX, tradingsymbol: CRUDEOILM17SEP266750CE, symboltoken: 576583
    2344. exchange: MCX, tradingsymbol: CRUDEOILM17SEP266750PE, symboltoken: 576737
    2345. exchange: MCX, tradingsymbol: CRUDEOILM17SEP266800CE, symboltoken: 576582
    2346. exchange: MCX, tradingsymbol: CRUDEOILM17SEP266800PE, symboltoken: 576736
    2347. exchange: MCX, tradingsymbol: CRUDEOILM17SEP266850CE, symboltoken: 576581
    2348. exchange: MCX, tradingsymbol: CRUDEOILM17SEP266850PE, symboltoken: 576735
    2349. exchange: MCX, tradingsymbol: CRUDEOILM17SEP266900CE, symboltoken: 576580
    2350. exchange: MCX, tradingsymbol: CRUDEOILM17SEP266900PE, symboltoken: 576734
    2351. exchange: MCX, tradingsymbol: CRUDEOILM17SEP266950CE, symboltoken: 576268
    2352. exchange: MCX, tradingsymbol: CRUDEOILM17SEP266950PE, symboltoken: 576269
    2353. exchange: MCX, tradingsymbol: CRUDEOILM17SEP267000CE, symboltoken: 576655
    2354. exchange: MCX, tradingsymbol: CRUDEOILM17SEP267000PE, symboltoken: 576809
    2355. exchange: MCX, tradingsymbol: CRUDEOILM17SEP267050CE, symboltoken: 576656
    2356. exchange: MCX, tradingsymbol: CRUDEOILM17SEP267050PE, symboltoken: 576810
    2357. exchange: MCX, tradingsymbol: CRUDEOILM17SEP267100CE, symboltoken: 576657
    2358. exchange: MCX, tradingsymbol: CRUDEOILM17SEP267100PE, symboltoken: 576811
    2359. exchange: MCX, tradingsymbol: CRUDEOILM17SEP267150CE, symboltoken: 576658
    2360. exchange: MCX, tradingsymbol: CRUDEOILM17SEP267150PE, symboltoken: 576812
    2361. exchange: MCX, tradingsymbol: CRUDEOILM17SEP267200CE, symboltoken: 576659
    2362. exchange: MCX, tradingsymbol: CRUDEOILM17SEP267200PE, symboltoken: 576813
    2363. exchange: MCX, tradingsymbol: CRUDEOILM17SEP267250CE, symboltoken: 576660
    2364. exchange: MCX, tradingsymbol: CRUDEOILM17SEP267250PE, symboltoken: 576814
    2365. exchange: MCX, tradingsymbol: CRUDEOILM17SEP267300CE, symboltoken: 576661
    2366. exchange: MCX, tradingsymbol: CRUDEOILM17SEP267300PE, symboltoken: 576815
    2367. exchange: MCX, tradingsymbol: CRUDEOILM17SEP267350CE, symboltoken: 576662
    2368. exchange: MCX, tradingsymbol: CRUDEOILM17SEP267350PE, symboltoken: 576816
    2369. exchange: MCX, tradingsymbol: CRUDEOILM17SEP267400CE, symboltoken: 576663
    2370. exchange: MCX, tradingsymbol: CRUDEOILM17SEP267400PE, symboltoken: 576817
    2371. exchange: MCX, tradingsymbol: CRUDEOILM17SEP267450CE, symboltoken: 576664
    2372. exchange: MCX, tradingsymbol: CRUDEOILM17SEP267450PE, symboltoken: 576818
    2373. exchange: MCX, tradingsymbol: CRUDEOILM17SEP267500CE, symboltoken: 576665
    2374. exchange: MCX, tradingsymbol: CRUDEOILM17SEP267500PE, symboltoken: 576819
    2375. exchange: MCX, tradingsymbol: CRUDEOILM17SEP267550CE, symboltoken: 576666
    2376. exchange: MCX, tradingsymbol: CRUDEOILM17SEP267550PE, symboltoken: 576820
    2377. exchange: MCX, tradingsymbol: CRUDEOILM17SEP267600CE, symboltoken: 576667
    2378. exchange: MCX, tradingsymbol: CRUDEOILM17SEP267600PE, symboltoken: 576821
    2379. exchange: MCX, tradingsymbol: CRUDEOILM17SEP267650CE, symboltoken: 576668
    2380. exchange: MCX, tradingsymbol: CRUDEOILM17SEP267650PE, symboltoken: 576822
    2381. exchange: MCX, tradingsymbol: CRUDEOILM17SEP267700CE, symboltoken: 576669
    2382. exchange: MCX, tradingsymbol: CRUDEOILM17SEP267700PE, symboltoken: 576823
    2383. exchange: MCX, tradingsymbol: CRUDEOILM17SEP267750CE, symboltoken: 576670
    2384. exchange: MCX, tradingsymbol: CRUDEOILM17SEP267750PE, symboltoken: 576824
    2385. exchange: MCX, tradingsymbol: CRUDEOILM17SEP267800CE, symboltoken: 576671
    2386. exchange: MCX, tradingsymbol: CRUDEOILM17SEP267800PE, symboltoken: 576825
    2387. exchange: MCX, tradingsymbol: CRUDEOILM17SEP267850CE, symboltoken: 576672
    2388. exchange: MCX, tradingsymbol: CRUDEOILM17SEP267850PE, symboltoken: 576826
    2389. exchange: MCX, tradingsymbol: CRUDEOILM17SEP267900CE, symboltoken: 576673
    2390. exchange: MCX, tradingsymbol: CRUDEOILM17SEP267900PE, symboltoken: 576827
    2391. exchange: MCX, tradingsymbol: CRUDEOILM17SEP267950CE, symboltoken: 576674
    2392. exchange: MCX, tradingsymbol: CRUDEOILM17SEP267950PE, symboltoken: 576828
    2393. exchange: MCX, tradingsymbol: CRUDEOILM17SEP268000CE, symboltoken: 576675
    2394. exchange: MCX, tradingsymbol: CRUDEOILM17SEP268000PE, symboltoken: 576829
    2395. exchange: MCX, tradingsymbol: CRUDEOILM17SEP268050CE, symboltoken: 576676
    2396. exchange: MCX, tradingsymbol: CRUDEOILM17SEP268050PE, symboltoken: 576830
    2397. exchange: MCX, tradingsymbol: CRUDEOILM17SEP268100CE, symboltoken: 576677
    2398. exchange: MCX, tradingsymbol: CRUDEOILM17SEP268100PE, symboltoken: 576831
    2399. exchange: MCX, tradingsymbol: CRUDEOILM17SEP268150CE, symboltoken: 576678
    2400. exchange: MCX, tradingsymbol: CRUDEOILM17SEP268150PE, symboltoken: 576832
    2401. exchange: MCX, tradingsymbol: CRUDEOILM17SEP268200CE, symboltoken: 576679
    2402. exchange: MCX, tradingsymbol: CRUDEOILM17SEP268200PE, symboltoken: 576833
    2403. exchange: MCX, tradingsymbol: CRUDEOILM17SEP268250CE, symboltoken: 576680
    2404. exchange: MCX, tradingsymbol: CRUDEOILM17SEP268250PE, symboltoken: 576834
    2405. exchange: MCX, tradingsymbol: CRUDEOILM17SEP268300CE, symboltoken: 576681
    2406. exchange: MCX, tradingsymbol: CRUDEOILM17SEP268300PE, symboltoken: 576835
    2407. exchange: MCX, tradingsymbol: CRUDEOILM17SEP268350CE, symboltoken: 576682
    2408. exchange: MCX, tradingsymbol: CRUDEOILM17SEP268350PE, symboltoken: 576836
    2409. exchange: MCX, tradingsymbol: CRUDEOILM17SEP268400CE, symboltoken: 576683
    2410. exchange: MCX, tradingsymbol: CRUDEOILM17SEP268400PE, symboltoken: 576837
    2411. exchange: MCX, tradingsymbol: CRUDEOILM17SEP268450CE, symboltoken: 576684
    2412. exchange: MCX, tradingsymbol: CRUDEOILM17SEP268450PE, symboltoken: 576838
    2413. exchange: MCX, tradingsymbol: CRUDEOILM17SEP268500CE, symboltoken: 576685
    2414. exchange: MCX, tradingsymbol: CRUDEOILM17SEP268500PE, symboltoken: 576839
    2415. exchange: MCX, tradingsymbol: CRUDEOILM17SEP268550CE, symboltoken: 576686
    2416. exchange: MCX, tradingsymbol: CRUDEOILM17SEP268550PE, symboltoken: 576840
    2417. exchange: MCX, tradingsymbol: CRUDEOILM17SEP268600CE, symboltoken: 576687
    2418. exchange: MCX, tradingsymbol: CRUDEOILM17SEP268600PE, symboltoken: 576841
    2419. exchange: MCX, tradingsymbol: CRUDEOILM17SEP268650CE, symboltoken: 576688
    2420. exchange: MCX, tradingsymbol: CRUDEOILM17SEP268650PE, symboltoken: 576842
    2421. exchange: MCX, tradingsymbol: CRUDEOILM17SEP268700CE, symboltoken: 576689
    2422. exchange: MCX, tradingsymbol: CRUDEOILM17SEP268700PE, symboltoken: 576843
    2423. exchange: MCX, tradingsymbol: CRUDEOILM17SEP268750CE, symboltoken: 576690
    2424. exchange: MCX, tradingsymbol: CRUDEOILM17SEP268750PE, symboltoken: 576844
    2425. exchange: MCX, tradingsymbol: CRUDEOILM17SEP268800CE, symboltoken: 576691
    2426. exchange: MCX, tradingsymbol: CRUDEOILM17SEP268800PE, symboltoken: 576845
    2427. exchange: MCX, tradingsymbol: CRUDEOILM17SEP268850CE, symboltoken: 576692
    2428. exchange: MCX, tradingsymbol: CRUDEOILM17SEP268850PE, symboltoken: 576846
    2429. exchange: MCX, tradingsymbol: CRUDEOILM17SEP268900CE, symboltoken: 576693
    2430. exchange: MCX, tradingsymbol: CRUDEOILM17SEP268900PE, symboltoken: 576847
    2431. exchange: MCX, tradingsymbol: CRUDEOILM17SEP268950CE, symboltoken: 576694
    2432. exchange: MCX, tradingsymbol: CRUDEOILM17SEP268950PE, symboltoken: 576848
    2433. exchange: MCX, tradingsymbol: CRUDEOILM17SEP269000CE, symboltoken: 576695
    2434. exchange: MCX, tradingsymbol: CRUDEOILM17SEP269000PE, symboltoken: 576849
    2435. exchange: MCX, tradingsymbol: CRUDEOILM17SEP269050CE, symboltoken: 576696
    2436. exchange: MCX, tradingsymbol: CRUDEOILM17SEP269050PE, symboltoken: 576850
    2437. exchange: MCX, tradingsymbol: CRUDEOILM17SEP269100CE, symboltoken: 576697
    2438. exchange: MCX, tradingsymbol: CRUDEOILM17SEP269100PE, symboltoken: 576851
    2439. exchange: MCX, tradingsymbol: CRUDEOILM17SEP269150CE, symboltoken: 576698
    2440. exchange: MCX, tradingsymbol: CRUDEOILM17SEP269150PE, symboltoken: 576852
    2441. exchange: MCX, tradingsymbol: CRUDEOILM17SEP269200CE, symboltoken: 576699
    2442. exchange: MCX, tradingsymbol: CRUDEOILM17SEP269200PE, symboltoken: 576853
    2443. exchange: MCX, tradingsymbol: CRUDEOILM17SEP269250CE, symboltoken: 576700
    2444. exchange: MCX, tradingsymbol: CRUDEOILM17SEP269250PE, symboltoken: 576854
    2445. exchange: MCX, tradingsymbol: CRUDEOILM17SEP269300CE, symboltoken: 576701
    2446. exchange: MCX, tradingsymbol: CRUDEOILM17SEP269300PE, symboltoken: 576855
    2447. exchange: MCX, tradingsymbol: CRUDEOILM17SEP269350CE, symboltoken: 576702
    2448. exchange: MCX, tradingsymbol: CRUDEOILM17SEP269350PE, symboltoken: 576856
    2449. exchange: MCX, tradingsymbol: CRUDEOILM17SEP269400CE, symboltoken: 576703
    2450. exchange: MCX, tradingsymbol: CRUDEOILM17SEP269400PE, symboltoken: 576857
    2451. exchange: MCX, tradingsymbol: CRUDEOILM17SEP269450CE, symboltoken: 576704
    2452. exchange: MCX, tradingsymbol: CRUDEOILM17SEP269450PE, symboltoken: 576858
    2453. exchange: MCX, tradingsymbol: CRUDEOILM17SEP269500CE, symboltoken: 576705
    2454. exchange: MCX, tradingsymbol: CRUDEOILM17SEP269500PE, symboltoken: 576859
    2455. exchange: MCX, tradingsymbol: CRUDEOILM17SEP269550CE, symboltoken: 576706
    2456. exchange: MCX, tradingsymbol: CRUDEOILM17SEP269550PE, symboltoken: 576860
    2457. exchange: MCX, tradingsymbol: CRUDEOILM17SEP269600CE, symboltoken: 576707
    2458. exchange: MCX, tradingsymbol: CRUDEOILM17SEP269600PE, symboltoken: 576861
    2459. exchange: MCX, tradingsymbol: CRUDEOILM17SEP269650CE, symboltoken: 576708
    2460. exchange: MCX, tradingsymbol: CRUDEOILM17SEP269650PE, symboltoken: 576862
    2461. exchange: MCX, tradingsymbol: CRUDEOILM17SEP269700CE, symboltoken: 576709
    2462. exchange: MCX, tradingsymbol: CRUDEOILM17SEP269700PE, symboltoken: 576863
    2463. exchange: MCX, tradingsymbol: CRUDEOILM17SEP269750CE, symboltoken: 576710
    2464. exchange: MCX, tradingsymbol: CRUDEOILM17SEP269750PE, symboltoken: 576864
    2465. exchange: MCX, tradingsymbol: CRUDEOILM17SEP269800CE, symboltoken: 576711
    2466. exchange: MCX, tradingsymbol: CRUDEOILM17SEP269800PE, symboltoken: 576865
    2467. exchange: MCX, tradingsymbol: CRUDEOILM17SEP269850CE, symboltoken: 576712
    2468. exchange: MCX, tradingsymbol: CRUDEOILM17SEP269850PE, symboltoken: 576866
    2469. exchange: MCX, tradingsymbol: CRUDEOILM17SEP269900CE, symboltoken: 576713
    2470. exchange: MCX, tradingsymbol: CRUDEOILM17SEP269900PE, symboltoken: 576867
    2471. exchange: MCX, tradingsymbol: CRUDEOILM17SEP269950CE, symboltoken: 576714
    2472. exchange: MCX, tradingsymbol: CRUDEOILM17SEP269950PE, symboltoken: 576868
    2473. exchange: MCX, tradingsymbol: CRUDEOILM18DEC26FUT, symboltoken: 576265
    2474. exchange: MCX, tradingsymbol: CRUDEOILM19FEB27FUT, symboltoken: 582833
    2475. exchange: MCX, tradingsymbol: CRUDEOILM19JAN27FUT, symboltoken: 580378
    2476. exchange: MCX, tradingsymbol: CRUDEOILM19MAR27FUT, symboltoken: 584776
    2477. exchange: MCX, tradingsymbol: CRUDEOILM19NOV26FUT, symboltoken: 573423
    2478. exchange: MCX, tradingsymbol: CRUDEOILM19OCT26FUT, symboltoken: 569901
    2479. exchange: MCX, tradingsymbol: CRUDEOILM20SEP27FUT, symboltoken: 584779
    2480. exchange: MCX, tradingsymbol: CRUDEOILM21JUN27FUT, symboltoken: 584778
    2481. exchange: MCX, tradingsymbol: CRUDEOILM21SEP26FUT, symboltoken: 565900
    2482. exchange: MCX, tradingsymbol: CRUDEOILMCOM, symboltoken: 556
    2483. exchange: MCX, tradingsymbol: CRUDEOILM17SEP269750CE, symboltoken: 576710
    2484. exchange: MCX, tradingsymbol: CRUDEOILM17SEP269750PE, symboltoken: 576864
    2485. exchange: MCX, tradingsymbol: CRUDEOILM17SEP269800CE, symboltoken: 576711
    2486. exchange: MCX, tradingsymbol: CRUDEOILM17SEP269800PE, symboltoken: 576865
    2487. exchange: MCX, tradingsymbol: CRUDEOILM17SEP269850CE, symboltoken: 576712
    2488. exchange: MCX, tradingsymbol: CRUDEOILM17SEP269850PE, symboltoken: 576866
    2489. exchange: MCX, tradingsymbol: CRUDEOILM17SEP269900CE, symboltoken: 576713
    2490. exchange: MCX, tradingsymbol: CRUDEOILM17SEP269900PE, symboltoken: 576867
    2491. exchange: MCX, tradingsymbol: CRUDEOILM17SEP269950CE, symboltoken: 576714
    2492. exchange: MCX, tradingsymbol: CRUDEOILM17SEP269950PE, symboltoken: 576868
    2493. exchange: MCX, tradingsymbol: CRUDEOILM18DEC26FUT, symboltoken: 576265
    2494. exchange: MCX, tradingsymbol: CRUDEOILM19FEB27FUT, symboltoken: 582833
    2495. exchange: MCX, tradingsymbol: CRUDEOILM19JAN27FUT, symboltoken: 580378
    2496. exchange: MCX, tradingsymbol: CRUDEOILM19MAR27FUT, symboltoken: 584776
    2497. exchange: MCX, tradingsymbol: CRUDEOILM19NOV26FUT, symboltoken: 573423
    2498. exchange: MCX, tradingsymbol: CRUDEOILM19OCT26FUT, symboltoken: 569901
    2499. exchange: MCX, tradingsymbol: CRUDEOILM20SEP27FUT, symboltoken: 584779
    2500. exchange: MCX, tradingsymbol: CRUDEOILM21JUN27FUT, symboltoken: 584778
[I 260917 11:41:07 smartConnect:124] in pool
[I 260917 11:41:08 smartConnect:124] in pool
2026-09-17 11:41:08.285 Please replace `use_container_width` with `width`.

`use_container_width` will be removed after 2025-12-31.

For `use_container_width=True`, use `width='stretch'`. For `use_container_width=False`, use `width='content'`.
2026-09-17 11:41:08.306 Please replace `use_container_width` with `width`.

`use_container_width` will be removed after 2025-12-31.

For `use_container_width=True`, use `width='stretch'`. For `use_container_width=False`, use `width='content'`.
2026-09-17 11:41:10.447 Uncaught app execution
Traceback (most recent call last):
  File "/workspaces/jupi/.venv/lib/python3.14/site-packages/streamlit/runtime/fragment.py", line 717, in wrapped_fragment
    result = non_optional_func(*args, **kwargs)
  File "/workspaces/jupi/app.py", line 1470, in live_chart_panel
    components.html(html, height=580)
    ^^^^^^^^^^
NameError: name 'components' is not defined
2026-09-17 11:41:10.593 Uncaught app execution
Traceback (most recent call last):
  File "/workspaces/jupi/.venv/lib/python3.14/site-packages/streamlit/runtime/fragment.py", line 717, in wrapped_fragment
    result = non_optional_func(*args, **kwargs)
  File "/workspaces/jupi/app.py", line 1470, in live_chart_panel
    components.html(html, height=580)
    ^^^^^^^^^^
NameError: name 'components' is not defined
2026-09-17 11:41:11.775 Uncaught app execution
Traceback (most recent call last):
  File "/workspaces/jupi/.venv/lib/python3.14/site-packages/streamlit/runtime/fragment.py", line 717, in wrapped_fragment
    result = non_optional_func(*args, **kwargs)
  File "/workspaces/jupi/app.py", line 1470, in live_chart_panel
    components.html(html, height=580)
    ^^^^^^^^^^
NameError: name 'components' is not defined
2026-09-17 11:41:13.284 Uncaught app execution
Traceback (most recent call last):
  File "/workspaces/jupi/.venv/lib/python3.14/site-packages/streamlit/runtime/fragment.py", line 717, in wrapped_fragment
    result = non_optional_func(*args, **kwargs)
  File "/workspaces/jupi/app.py", line 1470, in live_chart_panel
    components.html(html, height=580)
    ^^^^^^^^^^
NameError: name 'components' is not defined
2026-09-17 11:41:13.407 Please replace `use_container_width` with `width`.

`use_container_width` will be removed after 2025-12-31.

For `use_container_width=True`, use `width='stretch'`. For `use_container_width=False`, use `width='content'`.
2026-09-17 11:41:13.428 Please replace `use_container_width` with `width`.

`use_container_width` will be removed after 2025-12-31.

For `use_container_width=True`, use `width='stretch'`. For `use_container_width=False`, use `width='content'`.
2026-09-17 11:41:13.508 Uncaught app execution
Traceback (most recent call last):
  File "/workspaces/jupi/.venv/lib/python3.14/site-packages/streamlit/runtime/fragment.py", line 717, in wrapped_fragment
    result = non_optional_func(*args, **kwargs)
  File "/workspaces/jupi/app.py", line 1470, in live_chart_panel
    components.html(html, height=580)
    ^^^^^^^^^^
NameError: name 'components' is not defined
2026-09-17 11:41:15.463 Uncaught app execution
Traceback (most recent call last):
  File "/workspaces/jupi/.venv/lib/python3.14/site-packages/streamlit/runtime/fragment.py", line 717, in wrapped_fragment
    result = non_optional_func(*args, **kwargs)
  File "/workspaces/jupi/app.py", line 1470, in live_chart_panel
    components.html(html, height=580)
    ^^^^^^^^^^
NameError: name 'components' is not defined
2026-09-17 11:41:16.886 Uncaught app execution
Traceback (most recent call last):
  File "/workspaces/jupi/.venv/lib/python3.14/site-packages/streamlit/runtime/fragment.py", line 717, in wrapped_fragment
    result = non_optional_func(*args, **kwargs)
  File "/workspaces/jupi/app.py", line 1470, in live_chart_panel
    components.html(html, height=580)
    ^^^^^^^^^^
NameError: name 'components' is not defined
2026-09-17 11:41:18.413 Uncaught app execution
Traceback (most recent call last):
  File "/workspaces/jupi/.venv/lib/python3.14/site-packages/streamlit/runtime/fragment.py", line 717, in wrapped_fragment
    result = non_optional_func(*args, **kwargs)
  File "/workspaces/jupi/app.py", line 1470, in live_chart_panel
    components.html(html, height=580)
    ^^^^^^^^^^
NameError: name 'components' is not defined
2026-09-17 11:41:19.931 Uncaught app execution
Traceback (most recent call last):
  File "/workspaces/jupi/.venv/lib/python3.14/site-packages/streamlit/runtime/fragment.py", line 717, in wrapped_fragment
    result = non_optional_func(*args, **kwargs)
  File "/workspaces/jupi/app.py", line 1470, in live_chart_panel
    components.html(html, height=580)
    ^^^^^^^^^^
NameError: name 'components' is not defined
2026-09-17 11:41:21.334 Please replace `use_container_width` with `width`.

`use_container_width` will be removed after 2025-12-31.

For `use_container_width=True`, use `width='stretch'`. For `use_container_width=False`, use `width='content'`.
2026-09-17 11:41:21.356 Please replace `use_container_width` with `width`.

`use_container_width` will be removed after 2025-12-31.

For `use_container_width=True`, use `width='stretch'`. For `use_container_width=False`, use `width='content'`.
2026-09-17 11:41:21.426 Uncaught app execution
Traceback (most recent call last):
  File "/workspaces/jupi/.venv/lib/python3.14/site-packages/streamlit/runtime/fragment.py", line 717, in wrapped_fragment
    result = non_optional_func(*args, **kwargs)
  File "/workspaces/jupi/app.py", line 1470, in live_chart_panel
    components.html(html, height=580)
    ^^^^^^^^^^
NameError: name 'components' is not defined
2026-09-17 11:41:21.586 Uncaught app execution
Traceback (most recent call last):
  File "/workspaces/jupi/.venv/lib/python3.14/site-packages/streamlit/runtime/fragment.py", line 717, in wrapped_fragment
    result = non_optional_func(*args, **kwargs)
  File "/workspaces/jupi/app.py", line 1470, in live_chart_panel
    components.html(html, height=580)
    ^^^^^^^^^^
NameError: name 'components' is not defined
2026-09-17 11:41:22.620 Please replace `use_container_width` with `width`.

`use_container_width` will be removed after 2025-12-31.

For `use_container_width=True`, use `width='stretch'`. For `use_container_width=False`, use `width='content'`.
2026-09-17 11:41:22.642 Please replace `use_container_width` with `width`.

`use_container_width` will be removed after 2025-12-31.

For `use_container_width=True`, use `width='stretch'`. For `use_container_width=False`, use `width='content'`.
2026-09-17 11:41:22.720 Uncaught app execution
Traceback (most recent call last):
  File "/workspaces/jupi/.venv/lib/python3.14/site-packages/streamlit/runtime/fragment.py", line 717, in wrapped_fragment
    result = non_optional_func(*args, **kwargs)
  File "/workspaces/jupi/app.py", line 1470, in live_chart_panel
    components.html(html, height=580)
    ^^^^^^^^^^
NameError: name 'components' is not defined
2026-09-17 11:41:24.626 Uncaught app execution
Traceback (most recent call last):
  File "/workspaces/jupi/.venv/lib/python3.14/site-packages/streamlit/runtime/fragment.py", line 717, in wrapped_fragment
    result = non_optional_func(*args, **kwargs)
  File "/workspaces/jupi/app.py", line 1470, in live_chart_panel
    components.html(html, height=580)
    ^^^^^^^^^^
NameError: name 'components' is not defined
2026-09-17 11:41:25.488 Please replace `use_container_width` with `width`.

`use_container_width` will be removed after 2025-12-31.

For `use_container_width=True`, use `width='stretch'`. For `use_container_width=False`, use `width='content'`.
2026-09-17 11:41:25.519 Please replace `use_container_width` with `width`.

`use_container_width` will be removed after 2025-12-31.

For `use_container_width=True`, use `width='stretch'`. For `use_container_width=False`, use `width='content'`.
2026-09-17 11:41:29.299 Uncaught app execution
Traceback (most recent call last):
  File "/workspaces/jupi/.venv/lib/python3.14/site-packages/streamlit/runtime/fragment.py", line 717, in wrapped_fragment
    result = non_optional_func(*args, **kwargs)
  File "/workspaces/jupi/app.py", line 1470, in live_chart_panel
    components.html(html, height=580)
    ^^^^^^^^^^
NameError: name 'components' is not defined
2026-09-17 11:41:29.388 Please replace `use_container_width` with `width`.

`use_container_width` will be removed after 2025-12-31.

For `use_container_width=True`, use `width='stretch'`. For `use_container_width=False`, use `width='content'`.
2026-09-17 11:41:29.408 Please replace `use_container_width` with `width`.

`use_container_width` will be removed after 2025-12-31.

For `use_container_width=True`, use `width='stretch'`. For `use_container_width=False`, use `width='content'`.
2026-09-17 11:41:29.776 Please replace `use_container_width` with `width`.

`use_container_width` will be removed after 2025-12-31.

For `use_container_width=True`, use `width='stretch'`. For `use_container_width=False`, use `width='content'`.
2026-09-17 11:41:29.800 Please replace `use_container_width` with `width`.

`use_container_width` will be removed after 2025-12-31.

For `use_container_width=True`, use `width='stretch'`. For `use_container_width=False`, use `width='content'`.
2026-09-17 11:41:30.745 Please replace `use_container_width` with `width`.

`use_container_width` will be removed after 2025-12-31.

For `use_container_width=True`, use `width='stretch'`. For `use_container_width=False`, use `width='content'`.
2026-09-17 11:41:30.775 Please replace `use_container_width` with `width`.

`use_container_width` will be removed after 2025-12-31.

For `use_container_width=True`, use `width='stretch'`. For `use_container_width=False`, use `width='content'`.
2026-09-17 11:41:31.131 Uncaught app execution
Traceback (most recent call last):
  File "/workspaces/jupi/.venv/lib/python3.14/site-packages/streamlit/runtime/fragment.py", line 717, in wrapped_fragment
    result = non_optional_func(*args, **kwargs)
  File "/workspaces/jupi/app.py", line 1470, in live_chart_panel
    components.html(html, height=580)
    ^^^^^^^^^^
NameError: name 'components' is not defined
2026-09-17 11:41:31.776 Please replace `use_container_width` with `width`.

`use_container_width` will be removed after 2025-12-31.

For `use_container_width=True`, use `width='stretch'`. For `use_container_width=False`, use `width='content'`.
2026-09-17 11:41:31.798 Please replace `use_container_width` with `width`.

`use_container_width` will be removed after 2025-12-31.

For `use_container_width=True`, use `width='stretch'`. For `use_container_width=False`, use `width='content'`.
2026-09-17 11:41:32.553 Uncaught app execution
Traceback (most recent call last):
  File "/workspaces/jupi/.venv/lib/python3.14/site-packages/streamlit/runtime/fragment.py", line 717, in wrapped_fragment
    result = non_optional_func(*args, **kwargs)
  File "/workspaces/jupi/app.py", line 1470, in live_chart_panel
    components.html(html, height=580)
    ^^^^^^^^^^
NameError: name 'components' is not defined
2026-09-17 11:41:32.792 Please replace `use_container_width` with `width`.

`use_container_width` will be removed after 2025-12-31.

For `use_container_width=True`, use `width='stretch'`. For `use_container_width=False`, use `width='content'`.
2026-09-17 11:41:32.817 Please replace `use_container_width` with `width`.

`use_container_width` will be removed after 2025-12-31.

For `use_container_width=True`, use `width='stretch'`. For `use_container_width=False`, use `width='content'`.
2026-09-17 11:41:33.784 Please replace `use_container_width` with `width`.

`use_container_width` will be removed after 2025-12-31.

For `use_container_width=True`, use `width='stretch'`. For `use_container_width=False`, use `width='content'`.
2026-09-17 11:41:33.806 Please replace `use_container_width` with `width`.

`use_container_width` will be removed after 2025-12-31.

For `use_container_width=True`, use `width='stretch'`. For `use_container_width=False`, use `width='content'`.
2026-09-17 11:41:34.082 Uncaught app execution
Traceback (most recent call last):
  File "/workspaces/jupi/.venv/lib/python3.14/site-packages/streamlit/runtime/fragment.py", line 717, in wrapped_fragment
    result = non_optional_func(*args, **kwargs)
  File "/workspaces/jupi/app.py", line 1470, in live_chart_panel
    components.html(html, height=580)
    ^^^^^^^^^^
NameError: name 'components' is not defined
2026-09-17 11:41:34.768 Please replace `use_container_width` with `width`.

`use_container_width` will be removed after 2025-12-31.

For `use_container_width=True`, use `width='stretch'`. For `use_container_width=False`, use `width='content'`.
2026-09-17 11:41:34.790 Please replace `use_container_width` with `width`.

`use_container_width` will be removed after 2025-12-31.

For `use_container_width=True`, use `width='stretch'`. For `use_container_width=False`, use `width='content'`.
2026-09-17 11:41:35.611 Uncaught app execution
Traceback (most recent call last):
  File "/workspaces/jupi/.venv/lib/python3.14/site-packages/streamlit/runtime/fragment.py", line 717, in wrapped_fragment
    result = non_optional_func(*args, **kwargs)
  File "/workspaces/jupi/app.py", line 1470, in live_chart_panel
    components.html(html, height=580)
    ^^^^^^^^^^
NameError: name 'components' is not defined
2026-09-17 11:41:35.800 Please replace `use_container_width` with `width`.

`use_container_width` will be removed after 2025-12-31.

For `use_container_width=True`, use `width='stretch'`. For `use_container_width=False`, use `width='content'`.
2026-09-17 11:41:35.860 Please replace `use_container_width` with `width`.

`use_container_width` will be removed after 2025-12-31.

For `use_container_width=True`, use `width='stretch'`. For `use_container_width=False`, use `width='content'`.
2026-09-17 11:41:36.735 Please replace `use_container_width` with `width`.

`use_container_width` will be removed after 2025-12-31.

For `use_container_width=True`, use `width='stretch'`. For `use_container_width=False`, use `width='content'`.
2026-09-17 11:41:36.763 Please replace `use_container_width` with `width`.

`use_container_width` will be removed after 2025-12-31.

For `use_container_width=True`, use `width='stretch'`. For `use_container_width=False`, use `width='content'`.
2026-09-17 11:41:37.140 Uncaught app execution
Traceback (most recent call last):
  File "/workspaces/jupi/.venv/lib/python3.14/site-packages/streamlit/runtime/fragment.py", line 717, in wrapped_fragment
    result = non_optional_func(*args, **kwargs)
  File "/workspaces/jupi/app.py", line 1470, in live_chart_panel
    components.html(html, height=580)
    ^^^^^^^^^^
NameError: name 'components' is not defined
2026-09-17 11:41:37.731 Please replace `use_container_width` with `width`.

`use_container_width` will be removed after 2025-12-31.

For `use_container_width=True`, use `width='stretch'`. For `use_container_width=False`, use `width='content'`.
2026-09-17 11:41:37.761 Please replace `use_container_width` with `width`.

`use_container_width` will be removed after 2025-12-31.

For `use_container_width=True`, use `width='stretch'`. For `use_container_width=False`, use `width='content'`.
2026-09-17 11:41:38.578 Uncaught app execution
Traceback (most recent call last):
  File "/workspaces/jupi/.venv/lib/python3.14/site-packages/streamlit/runtime/fragment.py", line 717, in wrapped_fragment
    result = non_optional_func(*args, **kwargs)
  File "/workspaces/jupi/app.py", line 1470, in live_chart_panel
    components.html(html, height=580)
    ^^^^^^^^^^
NameError: name 'components' is not defined
2026-09-17 11:41:38.816 Please replace `use_container_width` with `width`.

`use_container_width` will be removed after 2025-12-31.

For `use_container_width=True`, use `width='stretch'`. For `use_container_width=False`, use `width='content'`.
2026-09-17 11:41:38.839 Please replace `use_container_width` with `width`.

`use_container_width` will be removed after 2025-12-31.

For `use_container_width=True`, use `width='stretch'`. For `use_container_width=False`, use `width='content'`.
2026-09-17 11:41:39.746 Please replace `use_container_width` with `width`.

`use_container_width` will be removed after 2025-12-31.

For `use_container_width=True`, use `width='stretch'`. For `use_container_width=False`, use `width='content'`.
2026-09-17 11:41:39.769 Please replace `use_container_width` with `width`.

`use_container_width` will be removed after 2025-12-31.

For `use_container_width=True`, use `width='stretch'`. For `use_container_width=False`, use `width='content'`.
2026-09-17 11:41:40.094 Uncaught app execution
Traceback (most recent call last):
  File "/workspaces/jupi/.venv/lib/python3.14/site-packages/streamlit/runtime/fragment.py", line 717, in wrapped_fragment
    result = non_optional_func(*args, **kwargs)
  File "/workspaces/jupi/app.py", line 1470, in live_chart_panel
    components.html(html, height=580)
    ^^^^^^^^^^
NameError: name 'components' is not defined
2026-09-17 11:41:40.817 Please replace `use_container_width` with `width`.

`use_container_width` will be removed after 2025-12-31.

For `use_container_width=True`, use `width='stretch'`. For `use_container_width=False`, use `width='content'`.
2026-09-17 11:41:40.841 Please replace `use_container_width` with `width`.

`use_container_width` will be removed after 2025-12-31.

For `use_container_width=True`, use `width='stretch'`. For `use_container_width=False`, use `width='content'`.
2026-09-17 11:41:41.579 Uncaught app execution
Traceback (most recent call last):
  File "/workspaces/jupi/.venv/lib/python3.14/site-packages/streamlit/runtime/fragment.py", line 717, in wrapped_fragment
    result = non_optional_func(*args, **kwargs)
  File "/workspaces/jupi/app.py", line 1470, in live_chart_panel
    components.html(html, height=580)
    ^^^^^^^^^^
NameError: name 'components' is not defined
2026-09-17 11:41:41.854 Please replace `use_container_width` with `width`.

`use_container_width` will be removed after 2025-12-31.

For `use_container_width=True`, use `width='stretch'`. For `use_container_width=False`, use `width='content'`.
2026-09-17 11:41:41.876 Please replace `use_container_width` with `width`.

`use_container_width` will be removed after 2025-12-31.

For `use_container_width=True`, use `width='stretch'`. For `use_container_width=False`, use `width='content'`.
2026-09-17 11:41:42.741 Please replace `use_container_width` with `width`.

`use_container_width` will be removed after 2025-12-31.

For `use_container_width=True`, use `width='stretch'`. For `use_container_width=False`, use `width='content'`.
2026-09-17 11:41:42.764 Please replace `use_container_width` with `width`.

`use_container_width` will be removed after 2025-12-31.

For `use_container_width=True`, use `width='stretch'`. For `use_container_width=False`, use `width='content'`.
2026-09-17 11:41:43.134 Uncaught app execution
Traceback (most recent call last):
  File "/workspaces/jupi/.venv/lib/python3.14/site-packages/streamlit/runtime/fragment.py", line 717, in wrapped_fragment
    result = non_optional_func(*args, **kwargs)
  File "/workspaces/jupi/app.py", line 1470, in live_chart_panel
    components.html(html, height=580)
    ^^^^^^^^^^
NameError: name 'components' is not defined
2026-09-17 11:41:43.727 Please replace `use_container_width` with `width`.

`use_container_width` will be removed after 2025-12-31.

For `use_container_width=True`, use `width='stretch'`. For `use_container_width=False`, use `width='content'`.
2026-09-17 11:41:43.751 Please replace `use_container_width` with `width`.

`use_container_width` will be removed after 2025-12-31.

For `use_container_width=True`, use `width='stretch'`. For `use_container_width=False`, use `width='content'`.
2026-09-17 11:41:44.576 Uncaught app execution
Traceback (most recent call last):
  File "/workspaces/jupi/.venv/lib/python3.14/site-packages/streamlit/runtime/fragment.py", line 717, in wrapped_fragment
    result = non_optional_func(*args, **kwargs)
  File "/workspaces/jupi/app.py", line 1470, in live_chart_panel
    components.html(html, height=580)
    ^^^^^^^^^^
NameError: name 'components' is not defined
2026-09-17 11:41:44.817 Please replace `use_container_width` with `width`.

`use_container_width` will be removed after 2025-12-31.

For `use_container_width=True`, use `width='stretch'`. For `use_container_width=False`, use `width='content'`.
2026-09-17 11:41:44.841 Please replace `use_container_width` with `width`.

`use_container_width` will be removed after 2025-12-31.

For `use_container_width=True`, use `width='stretch'`. For `use_container_width=False`, use `width='content'`.
2026-09-17 11:41:45.778 Please replace `use_container_width` with `width`.

`use_container_width` will be removed after 2025-12-31.

For `use_container_width=True`, use `width='stretch'`. For `use_container_width=False`, use `width='content'`.
2026-09-17 11:41:45.801 Please replace `use_container_width` with `width`.

`use_container_width` will be removed after 2025-12-31.

For `use_container_width=True`, use `width='stretch'`. For `use_container_width=False`, use `width='content'`.
2026-09-17 11:41:46.121 Uncaught app execution
Traceback (most recent call last):
  File "/workspaces/jupi/.venv/lib/python3.14/site-packages/streamlit/runtime/fragment.py", line 717, in wrapped_fragment
    result = non_optional_func(*args, **kwargs)
  File "/workspaces/jupi/app.py", line 1470, in live_chart_panel
    components.html(html, height=580)
    ^^^^^^^^^^
NameError: name 'components' is not defined
2026-09-17 11:41:46.735 Please replace `use_container_width` with `width`.

`use_container_width` will be removed after 2025-12-31.

For `use_container_width=True`, use `width='stretch'`. For `use_container_width=False`, use `width='content'`.
2026-09-17 11:41:46.760 Please replace `use_container_width` with `width`.

`use_container_width` will be removed after 2025-12-31.

For `use_container_width=True`, use `width='stretch'`. For `use_container_width=False`, use `width='content'`.
2026-09-17 11:41:47.612 Uncaught app execution
Traceback (most recent call last):
  File "/workspaces/jupi/.venv/lib/python3.14/site-packages/streamlit/runtime/fragment.py", line 717, in wrapped_fragment
    result = non_optional_func(*args, **kwargs)
  File "/workspaces/jupi/app.py", line 1470, in live_chart_panel
    components.html(html, height=580)
    ^^^^^^^^^^
NameError: name 'components' is not defined
2026-09-17 11:41:47.742 Please replace `use_container_width` with `width`.

`use_container_width` will be removed after 2025-12-31.

For `use_container_width=True`, use `width='stretch'`. For `use_container_width=False`, use `width='content'`.
2026-09-17 11:41:47.760 Please replace `use_container_width` with `width`.

`use_container_width` will be removed after 2025-12-31.

For `use_container_width=True`, use `width='stretch'`. For `use_container_width=False`, use `width='content'`.
2026-09-17 11:41:48.743 Please replace `use_container_width` with `width`.

`use_container_width` will be removed after 2025-12-31.

For `use_container_width=True`, use `width='stretch'`. For `use_container_width=False`, use `width='content'`.
2026-09-17 11:41:48.764 Please replace `use_container_width` with `width`.

`use_container_width` will be removed after 2025-12-31.

For `use_container_width=True`, use `width='stretch'`. For `use_container_width=False`, use `width='content'`.
2026-09-17 11:41:49.135 Uncaught app execution
Traceback (most recent call last):
  File "/workspaces/jupi/.venv/lib/python3.14/site-packages/streamlit/runtime/fragment.py", line 717, in wrapped_fragment
    result = non_optional_func(*args, **kwargs)
  File "/workspaces/jupi/app.py", line 1470, in live_chart_panel
    components.html(html, height=580)
    ^^^^^^^^^^
NameError: name 'components' is not defined
2026-09-17 11:41:49.776 Please replace `use_container_width` with `width`.

`use_container_width` will be removed after 2025-12-31.

For `use_container_width=True`, use `width='stretch'`. For `use_container_width=False`, use `width='content'`.
2026-09-17 11:41:49.799 Please replace `use_container_width` with `width`.

`use_container_width` will be removed after 2025-12-31.

For `use_container_width=True`, use `width='stretch'`. For `use_container_width=False`, use `width='content'`.
2026-09-17 11:41:50.578 Uncaught app execution
Traceback (most recent call last):
  File "/workspaces/jupi/.venv/lib/python3.14/site-packages/streamlit/runtime/fragment.py", line 717, in wrapped_fragment
    result = non_optional_func(*args, **kwargs)
  File "/workspaces/jupi/app.py", line 1470, in live_chart_panel
    components.html(html, height=580)
    ^^^^^^^^^^
NameError: name 'components' is not defined
2026-09-17 11:41:50.788 Please replace `use_container_width` with `width`.

`use_container_width` will be removed after 2025-12-31.

For `use_container_width=True`, use `width='stretch'`. For `use_container_width=False`, use `width='content'`.
2026-09-17 11:41:50.811 Please replace `use_container_width` with `width`.

`use_container_width` will be removed after 2025-12-31.

For `use_container_width=True`, use `width='stretch'`. For `use_container_width=False`, use `width='content'`.
2026-09-17 11:41:51.779 Please replace `use_container_width` with `width`.

`use_container_width` will be removed after 2025-12-31.

For `use_container_width=True`, use `width='stretch'`. For `use_container_width=False`, use `width='content'`.
2026-09-17 11:41:51.801 Please replace `use_container_width` with `width`.

`use_container_width` will be removed after 2025-12-31.

For `use_container_width=True`, use `width='stretch'`. For `use_container_width=False`, use `width='content'`.
2026-09-17 11:41:52.080 Uncaught app execution
Traceback (most recent call last):
  File "/workspaces/jupi/.venv/lib/python3.14/site-packages/streamlit/runtime/fragment.py", line 717, in wrapped_fragment
    result = non_optional_func(*args, **kwargs)
  File "/workspaces/jupi/app.py", line 1470, in live_chart_panel
    components.html(html, height=580)
    ^^^^^^^^^^
NameError: name 'components' is not defined
2026-09-17 11:41:52.745 Please replace `use_container_width` with `width`.

`use_container_width` will be removed after 2025-12-31.

For `use_container_width=True`, use `width='stretch'`. For `use_container_width=False`, use `width='content'`.
2026-09-17 11:41:52.768 Please replace `use_container_width` with `width`.

`use_container_width` will be removed after 2025-12-31.

For `use_container_width=True`, use `width='stretch'`. For `use_container_width=False`, use `width='content'`.
2026-09-17 11:41:53.612 Uncaught app execution
Traceback (most recent call last):
  File "/workspaces/jupi/.venv/lib/python3.14/site-packages/streamlit/runtime/fragment.py", line 717, in wrapped_fragment
    result = non_optional_func(*args, **kwargs)
  File "/workspaces/jupi/app.py", line 1470, in live_chart_panel
    components.html(html, height=580)
    ^^^^^^^^^^
NameError: name 'components' is not defined
2026-09-17 11:41:53.780 Please replace `use_container_width` with `width`.

`use_container_width` will be removed after 2025-12-31.

For `use_container_width=True`, use `width='stretch'`. For `use_container_width=False`, use `width='content'`.
2026-09-17 11:41:53.802 Please replace `use_container_width` with `width`.

`use_container_width` will be removed after 2025-12-31.

For `use_container_width=True`, use `width='stretch'`. For `use_container_width=False`, use `width='content'`.
2026-09-17 11:41:54.737 Please replace `use_container_width` with `width`.

`use_container_width` will be removed after 2025-12-31.

For `use_container_width=True`, use `width='stretch'`. For `use_container_width=False`, use `width='content'`.
2026-09-17 11:41:54.756 Please replace `use_container_width` with `width`.

`use_container_width` will be removed after 2025-12-31.

For `use_container_width=True`, use `width='stretch'`. For `use_container_width=False`, use `width='content'`.
2026-09-17 11:41:55.061 Uncaught app execution
Traceback (most recent call last):
  File "/workspaces/jupi/.venv/lib/python3.14/site-packages/streamlit/runtime/fragment.py", line 717, in wrapped_fragment
    result = non_optional_func(*args, **kwargs)
  File "/workspaces/jupi/app.py", line 1470, in live_chart_panel
    components.html(html, height=580)
    ^^^^^^^^^^
NameError: name 'components' is not defined
2026-09-17 11:41:55.779 Please replace `use_container_width` with `width`.

`use_container_width` will be removed after 2025-12-31.

For `use_container_width=True`, use `width='stretch'`. For `use_container_width=False`, use `width='content'`.
2026-09-17 11:41:55.802 Please replace `use_container_width` with `width`.

`use_container_width` will be removed after 2025-12-31.

For `use_container_width=True`, use `width='stretch'`. For `use_container_width=False`, use `width='content'`.
2026-09-17 11:41:56.595 Uncaught app execution
Traceback (most recent call last):
  File "/workspaces/jupi/.venv/lib/python3.14/site-packages/streamlit/runtime/fragment.py", line 717, in wrapped_fragment
    result = non_optional_func(*args, **kwargs)
  File "/workspaces/jupi/app.py", line 1470, in live_chart_panel
    components.html(html, height=580)
    ^^^^^^^^^^
NameError: name 'components' is not defined
2026-09-17 11:41:56.815 Please replace `use_container_width` with `width`.

`use_container_width` will be removed after 2025-12-31.

For `use_container_width=True`, use `width='stretch'`. For `use_container_width=False`, use `width='content'`.
2026-09-17 11:41:56.837 Please replace `use_container_width` with `width`.

`use_container_width` will be removed after 2025-12-31.

For `use_container_width=True`, use `width='stretch'`. For `use_container_width=False`, use `width='content'`.
2026-09-17 11:41:57.784 Please replace `use_container_width` with `width`.

`use_container_width` will be removed after 2025-12-31.

For `use_container_width=True`, use `width='stretch'`. For `use_container_width=False`, use `width='content'`.
2026-09-17 11:41:57.805 Please replace `use_container_width` with `width`.

`use_container_width` will be removed after 2025-12-31.

For `use_container_width=True`, use `width='stretch'`. For `use_container_width=False`, use `width='content'`.
2026-09-17 11:41:58.091 Uncaught app execution
Traceback (most recent call last):
  File "/workspaces/jupi/.venv/lib/python3.14/site-packages/streamlit/runtime/fragment.py", line 717, in wrapped_fragment
    result = non_optional_func(*args, **kwargs)
  File "/workspaces/jupi/app.py", line 1470, in live_chart_panel
    components.html(html, height=580)
    ^^^^^^^^^^
NameError: name 'components' is not defined
2026-09-17 11:41:58.737 Please replace `use_container_width` with `width`.

`use_container_width` will be removed after 2025-12-31.

For `use_container_width=True`, use `width='stretch'`. For `use_container_width=False`, use `width='content'`.
2026-09-17 11:41:58.759 Please replace `use_container_width` with `width`.

`use_container_width` will be removed after 2025-12-31.

For `use_container_width=True`, use `width='stretch'`. For `use_container_width=False`, use `width='content'`.
2026-09-17 11:41:59.627 Uncaught app execution
Traceback (most recent call last):
  File "/workspaces/jupi/.venv/lib/python3.14/site-packages/streamlit/runtime/fragment.py", line 717, in wrapped_fragment
    result = non_optional_func(*args, **kwargs)
  File "/workspaces/jupi/app.py", line 1470, in live_chart_panel
    components.html(html, height=580)
    ^^^^^^^^^^
NameError: name 'components' is not defined
2026-09-17 11:41:59.720 Please replace `use_container_width` with `width`.

`use_container_width` will be removed after 2025-12-31.

For `use_container_width=True`, use `width='stretch'`. For `use_container_width=False`, use `width='content'`.
2026-09-17 11:41:59.737 Please replace `use_container_width` with `width`.

`use_container_width` will be removed after 2025-12-31.

For `use_container_width=True`, use `width='stretch'`. For `use_container_width=False`, use `width='content'`.
2026-09-17 11:42:00.733 Please replace `use_container_width` with `width`.

`use_container_width` will be removed after 2025-12-31.

For `use_container_width=True`, use `width='stretch'`. For `use_container_width=False`, use `width='content'`.
2026-09-17 11:42:00.757 Please replace `use_container_width` with `width`.

`use_container_width` will be removed after 2025-12-31.

For `use_container_width=True`, use `width='stretch'`. For `use_container_width=False`, use `width='content'`.
2026-09-17 11:42:03.135 Uncaught app execution
Traceback (most recent call last):
  File "/workspaces/jupi/.venv/lib/python3.14/site-packages/streamlit/runtime/fragment.py", line 717, in wrapped_fragment
    result = non_optional_func(*args, **kwargs)
  File "/workspaces/jupi/app.py", line 1470, in live_chart_panel
    components.html(html, height=580)
    ^^^^^^^^^^
NameError: name 'components' is not defined
2026-09-17 11:42:03.222 Please replace `use_container_width` with `width`.

`use_container_width` will be removed after 2025-12-31.

For `use_container_width=True`, use `width='stretch'`. For `use_container_width=False`, use `width='content'`.
2026-09-17 11:42:03.249 Please replace `use_container_width` with `width`.

`use_container_width` will be removed after 2025-12-31.

For `use_container_width=True`, use `width='stretch'`. For `use_container_width=False`, use `width='content'`.
2026-09-17 11:42:03.320 Uncaught app execution
Traceback (most recent call last):
  File "/workspaces/jupi/.venv/lib/python3.14/site-packages/streamlit/runtime/fragment.py", line 717, in wrapped_fragment
    result = non_optional_func(*args, **kwargs)
  File "/workspaces/jupi/app.py", line 1470, in live_chart_panel
    components.html(html, height=580)
    ^^^^^^^^^^
NameError: name 'components' is not defined
2026-09-17 11:42:03.782 Please replace `use_container_width` with `width`.

`use_container_width` will be removed after 2025-12-31.

For `use_container_width=True`, use `width='stretch'`. For `use_container_width=False`, use `width='content'`.
2026-09-17 11:42:03.814 Please replace `use_container_width` with `width`.

`use_container_width` will be removed after 2025-12-31.

For `use_container_width=True`, use `width='stretch'`. For `use_container_width=False`, use `width='content'`.
2026-09-17 11:42:04.073 Uncaught app execution
Traceback (most recent call last):
  File "/workspaces/jupi/.venv/lib/python3.14/site-packages/streamlit/runtime/fragment.py", line 717, in wrapped_fragment
    result = non_optional_func(*args, **kwargs)
  File "/workspaces/jupi/app.py", line 1470, in live_chart_panel
    components.html(html, height=580)
    ^^^^^^^^^^
NameError: name 'components' is not defined
2026-09-17 11:42:04.734 Please replace `use_container_width` with `width`.

`use_container_width` will be removed after 2025-12-31.

For `use_container_width=True`, use `width='stretch'`. For `use_container_width=False`, use `width='content'`.
2026-09-17 11:42:04.759 Please replace `use_container_width` with `width`.

`use_container_width` will be removed after 2025-12-31.

For `use_container_width=True`, use `width='stretch'`. For `use_container_width=False`, use `width='content'`.
2026-09-17 11:42:05.618 Uncaught app execution
Traceback (most recent call last):
  File "/workspaces/jupi/.venv/lib/python3.14/site-packages/streamlit/runtime/fragment.py", line 717, in wrapped_fragment
    result = non_optional_func(*args, **kwargs)
  File "/workspaces/jupi/app.py", line 1470, in live_chart_panel
    components.html(html, height=580)
    ^^^^^^^^^^
NameError: name 'components' is not defined
2026-09-17 11:42:05.774 Please replace `use_container_width` with `width`.

`use_container_width` will be removed after 2025-12-31.

For `use_container_width=True`, use `width='stretch'`. For `use_container_width=False`, use `width='content'`.
2026-09-17 11:42:05.790 Please replace `use_container_width` with `width`.

`use_container_width` will be removed after 2025-12-31.

For `use_container_width=True`, use `width='stretch'`. For `use_container_width=False`, use `width='content'`.
2026-09-17 11:42:06.747 Please replace `use_container_width` with `width`.

`use_container_width` will be removed after 2025-12-31.

For `use_container_width=True`, use `width='stretch'`. For `use_container_width=False`, use `width='content'`.
2026-09-17 11:42:06.771 Please replace `use_container_width` with `width`.

`use_container_width` will be removed after 2025-12-31.

For `use_container_width=True`, use `width='stretch'`. For `use_container_width=False`, use `width='content'`.
2026-09-17 11:42:07.136 Uncaught app execution
Traceback (most recent call last):
  File "/workspaces/jupi/.venv/lib/python3.14/site-packages/streamlit/runtime/fragment.py", line 717, in wrapped_fragment
    result = non_optional_func(*args, **kwargs)
  File "/workspaces/jupi/app.py", line 1470, in live_chart_panel
    components.html(html, height=580)
    ^^^^^^^^^^
NameError: name 'components' is not defined
2026-09-17 11:42:07.769 Please replace `use_container_width` with `width`.

`use_container_width` will be removed after 2025-12-31.

For `use_container_width=True`, use `width='stretch'`. For `use_container_width=False`, use `width='content'`.
2026-09-17 11:42:07.792 Please replace `use_container_width` with `width`.

`use_container_width` will be removed after 2025-12-31.

For `use_container_width=True`, use `width='stretch'`. For `use_container_width=False`, use `width='content'`.
2026-09-17 11:42:08.577 Uncaught app execution
Traceback (most recent call last):
  File "/workspaces/jupi/.venv/lib/python3.14/site-packages/streamlit/runtime/fragment.py", line 717, in wrapped_fragment
    result = non_optional_func(*args, **kwargs)
  File "/workspaces/jupi/app.py", line 1470, in live_chart_panel
    components.html(html, height=580)
    ^^^^^^^^^^
NameError: name 'components' is not defined
2026-09-17 11:42:08.815 Please replace `use_container_width` with `width`.

`use_container_width` will be removed after 2025-12-31.

For `use_container_width=True`, use `width='stretch'`. For `use_container_width=False`, use `width='content'`.
2026-09-17 11:42:08.837 Please replace `use_container_width` with `width`.

`use_container_width` will be removed after 2025-12-31.

For `use_container_width=True`, use `width='stretch'`. For `use_container_width=False`, use `width='content'`.
2026-09-17 11:42:09.784 Please replace `use_container_width` with `width`.

`use_container_width` will be removed after 2025-12-31.

For `use_container_width=True`, use `width='stretch'`. For `use_container_width=False`, use `width='content'`.
2026-09-17 11:42:09.803 Please replace `use_container_width` with `width`.

`use_container_width` will be removed after 2025-12-31.

For `use_container_width=True`, use `width='stretch'`. For `use_container_width=False`, use `width='content'`.
2026-09-17 11:42:10.096 Uncaught app execution
Traceback (most recent call last):
  File "/workspaces/jupi/.venv/lib/python3.14/site-packages/streamlit/runtime/fragment.py", line 717, in wrapped_fragment
    result = non_optional_func(*args, **kwargs)
  File "/workspaces/jupi/app.py", line 1470, in live_chart_panel
    components.html(html, height=580)
    ^^^^^^^^^^
NameError: name 'components' is not defined
2026-09-17 11:42:10.742 Please replace `use_container_width` with `width`.

`use_container_width` will be removed after 2025-12-31.

For `use_container_width=True`, use `width='stretch'`. For `use_container_width=False`, use `width='content'`.
2026-09-17 11:42:10.765 Please replace `use_container_width` with `width`.

`use_container_width` will be removed after 2025-12-31.

For `use_container_width=True`, use `width='stretch'`. For `use_container_width=False`, use `width='content'`.
2026-09-17 11:42:11.700 Uncaught app execution
Traceback (most recent call last):
  File "/workspaces/jupi/.venv/lib/python3.14/site-packages/streamlit/runtime/fragment.py", line 717, in wrapped_fragment
    result = non_optional_func(*args, **kwargs)
  File "/workspaces/jupi/app.py", line 1470, in live_chart_panel
    components.html(html, height=580)
    ^^^^^^^^^^
NameError: name 'components' is not defined
2026-09-17 11:42:11.816 Please replace `use_container_width` with `width`.

`use_container_width` will be removed after 2025-12-31.

For `use_container_width=True`, use `width='stretch'`. For `use_container_width=False`, use `width='content'`.
2026-09-17 11:42:11.839 Please replace `use_container_width` with `width`.

`use_container_width` will be removed after 2025-12-31.

For `use_container_width=True`, use `width='stretch'`. For `use_container_width=False`, use `width='content'`.
2026-09-17 11:42:12.734 Please replace `use_container_width` with `width`.

`use_container_width` will be removed after 2025-12-31.

For `use_container_width=True`, use `width='stretch'`. For `use_container_width=False`, use `width='content'`.
2026-09-17 11:42:12.757 Please replace `use_container_width` with `width`.

`use_container_width` will be removed after 2025-12-31.

For `use_container_width=True`, use `width='stretch'`. For `use_container_width=False`, use `width='content'`.
2026-09-17 11:42:13.085 Uncaught app execution
Traceback (most recent call last):
  File "/workspaces/jupi/.venv/lib/python3.14/site-packages/streamlit/runtime/fragment.py", line 717, in wrapped_fragment
    result = non_optional_func(*args, **kwargs)
  File "/workspaces/jupi/app.py", line 1470, in live_chart_panel
    components.html(html, height=580)
    ^^^^^^^^^^
NameError: name 'components' is not defined
2026-09-17 11:42:13.712 Please replace `use_container_width` with `width`.

`use_container_width` will be removed after 2025-12-31.

For `use_container_width=True`, use `width='stretch'`. For `use_container_width=False`, use `width='content'`.
2026-09-17 11:42:13.737 Please replace `use_container_width` with `width`.

`use_container_width` will be removed after 2025-12-31.

For `use_container_width=True`, use `width='stretch'`. For `use_container_width=False`, use `width='content'`.
2026-09-17 11:42:14.569 Uncaught app execution
Traceback (most recent call last):
  File "/workspaces/jupi/.venv/lib/python3.14/site-packages/streamlit/runtime/fragment.py", line 717, in wrapped_fragment
    result = non_optional_func(*args, **kwargs)
  File "/workspaces/jupi/app.py", line 1470, in live_chart_panel
    components.html(html, height=580)
    ^^^^^^^^^^
NameError: name 'components' is not defined
2026-09-17 11:42:14.737 Please replace `use_container_width` with `width`.

`use_container_width` will be removed after 2025-12-31.

For `use_container_width=True`, use `width='stretch'`. For `use_container_width=False`, use `width='content'`.
2026-09-17 11:42:14.766 Please replace `use_container_width` with `width`.

`use_container_width` will be removed after 2025-12-31.

For `use_container_width=True`, use `width='stretch'`. For `use_container_width=False`, use `width='content'`.
2026-09-17 11:42:16.802 Please replace `use_container_width` with `width`.

`use_container_width` will be removed after 2025-12-31.

For `use_container_width=True`, use `width='stretch'`. For `use_container_width=False`, use `width='content'`.
2026-09-17 11:42:16.844 Please replace `use_container_width` with `width`.

`use_container_width` will be removed after 2025-12-31.

For `use_container_width=True`, use `width='stretch'`. For `use_container_width=False`, use `width='content'`.
2026-09-17 11:42:16.987 Uncaught app execution
Traceback (most recent call last):
  File "/workspaces/jupi/.venv/lib/python3.14/site-packages/streamlit/runtime/fragment.py", line 717, in wrapped_fragment
    result = non_optional_func(*args, **kwargs)
  File "/workspaces/jupi/app.py", line 1470, in live_chart_panel
    components.html(html, height=580)
    ^^^^^^^^^^
NameError: name 'components' is not defined
2026-09-17 11:42:17.694 Please replace `use_container_width` with `width`.

`use_container_width` will be removed after 2025-12-31.

For `use_container_width=True`, use `width='stretch'`. For `use_container_width=False`, use `width='content'`.
2026-09-17 11:42:17.717 Please replace `use_container_width` with `width`.

`use_container_width` will be removed after 2025-12-31.

For `use_container_width=True`, use `width='stretch'`. For `use_container_width=False`, use `width='content'`.
2026-09-17 11:42:17.839 Uncaught app execution
Traceback (most recent call last):
  File "/workspaces/jupi/.venv/lib/python3.14/site-packages/streamlit/runtime/fragment.py", line 717, in wrapped_fragment
    result = non_optional_func(*args, **kwargs)
  File "/workspaces/jupi/app.py", line 1470, in live_chart_panel
    components.html(html, height=580)
    ^^^^^^^^^^
NameError: name 'components' is not defined
2026-09-17 11:42:18.661 Please replace `use_container_width` with `width`.

`use_container_width` will be removed after 2025-12-31.

For `use_container_width=True`, use `width='stretch'`. For `use_container_width=False`, use `width='content'`.
2026-09-17 11:42:18.685 Please replace `use_container_width` with `width`.

`use_container_width` will be removed after 2025-12-31.

For `use_container_width=True`, use `width='stretch'`. For `use_container_width=False`, use `width='content'`.
2026-09-17 11:42:20.337 Please replace `use_container_width` with `width`.

`use_container_width` will be removed after 2025-12-31.

For `use_container_width=True`, use `width='stretch'`. For `use_container_width=False`, use `width='content'`.
2026-09-17 11:42:20.359 Please replace `use_container_width` with `width`.

`use_container_width` will be removed after 2025-12-31.

For `use_container_width=True`, use `width='stretch'`. For `use_container_width=False`, use `width='content'`.
2026-09-17 11:42:20.480 Uncaught app execution
Traceback (most recent call last):
  File "/workspaces/jupi/.venv/lib/python3.14/site-packages/streamlit/runtime/fragment.py", line 717, in wrapped_fragment
    result = non_optional_func(*args, **kwargs)
  File "/workspaces/jupi/app.py", line 1470, in live_chart_panel
    components.html(html, height=580)
    ^^^^^^^^^^
NameError: name 'components' is not defined
2026-09-17 11:42:20.793 Please replace `use_container_width` with `width`.

`use_container_width` will be removed after 2025-12-31.

For `use_container_width=True`, use `width='stretch'`. For `use_container_width=False`, use `width='content'`.
2026-09-17 11:42:20.813 Please replace `use_container_width` with `width`.

`use_container_width` will be removed after 2025-12-31.

For `use_container_width=True`, use `width='stretch'`. For `use_container_width=False`, use `width='content'`.
2026-09-17 11:42:20.930 Uncaught app execution
Traceback (most recent call last):
  File "/workspaces/jupi/.venv/lib/python3.14/site-packages/streamlit/runtime/fragment.py", line 717, in wrapped_fragment
    result = non_optional_func(*args, **kwargs)
  File "/workspaces/jupi/app.py", line 1470, in live_chart_panel
    components.html(html, height=580)
    ^^^^^^^^^^
NameError: name 'components' is not defined
2026-09-17 11:42:22.745 Please replace `use_container_width` with `width`.

`use_container_width` will be removed after 2025-12-31.

For `use_container_width=True`, use `width='stretch'`. For `use_container_width=False`, use `width='content'`.
2026-09-17 11:42:22.771 Please replace `use_container_width` with `width`.

`use_container_width` will be removed after 2025-12-31.

For `use_container_width=True`, use `width='stretch'`. For `use_container_width=False`, use `width='content'`.
2026-09-17 11:42:22.982 Uncaught app execution
Traceback (most recent call last):
  File "/workspaces/jupi/.venv/lib/python3.14/site-packages/streamlit/runtime/fragment.py", line 717, in wrapped_fragment
    result = non_optional_func(*args, **kwargs)
  File "/workspaces/jupi/app.py", line 1470, in live_chart_panel
    components.html(html, height=580)
    ^^^^^^^^^^
NameError: name 'components' is not defined
2026-09-17 11:42:23.701 Please replace `use_container_width` with `width`.

`use_container_width` will be removed after 2025-12-31.

For `use_container_width=True`, use `width='stretch'`. For `use_container_width=False`, use `width='content'`.
2026-09-17 11:42:23.724 Please replace `use_container_width` with `width`.

`use_container_width` will be removed after 2025-12-31.

For `use_container_width=True`, use `width='stretch'`. For `use_container_width=False`, use `width='content'`.
2026-09-17 11:42:23.835 Uncaught app execution
Traceback (most recent call last):
  File "/workspaces/jupi/.venv/lib/python3.14/site-packages/streamlit/runtime/fragment.py", line 717, in wrapped_fragment
    result = non_optional_func(*args, **kwargs)
  File "/workspaces/jupi/app.py", line 1470, in live_chart_panel
    components.html(html, height=580)
    ^^^^^^^^^^
NameError: name 'components' is not defined
2026-09-17 11:42:24.734 Please replace `use_container_width` with `width`.

`use_container_width` will be removed after 2025-12-31.

For `use_container_width=True`, use `width='stretch'`. For `use_container_width=False`, use `width='content'`.
2026-09-17 11:42:24.758 Please replace `use_container_width` with `width`.

`use_container_width` will be removed after 2025-12-31.

For `use_container_width=True`, use `width='stretch'`. For `use_container_width=False`, use `width='content'`.
2026-09-17 11:42:25.776 Uncaught app execution
Traceback (most recent call last):
  File "/workspaces/jupi/.venv/lib/python3.14/site-packages/streamlit/runtime/fragment.py", line 717, in wrapped_fragment
    result = non_optional_func(*args, **kwargs)
  File "/workspaces/jupi/app.py", line 1470, in live_chart_panel
    components.html(html, height=580)
    ^^^^^^^^^^
NameError: name 'components' is not defined
2026-09-17 11:42:26.665 Please replace `use_container_width` with `width`.

`use_container_width` will be removed after 2025-12-31.

For `use_container_width=True`, use `width='stretch'`. For `use_container_width=False`, use `width='content'`.
2026-09-17 11:42:26.682 Please replace `use_container_width` with `width`.

`use_container_width` will be removed after 2025-12-31.

For `use_container_width=True`, use `width='stretch'`. For `use_container_width=False`, use `width='content'`.
2026-09-17 11:42:30.492 Uncaught app execution
Traceback (most recent call last):
  File "/workspaces/jupi/.venv/lib/python3.14/site-packages/streamlit/runtime/fragment.py", line 717, in wrapped_fragment
    result = non_optional_func(*args, **kwargs)
  File "/workspaces/jupi/app.py", line 1470, in live_chart_panel
    components.html(html, height=580)
    ^^^^^^^^^^
NameError: name 'components' is not defined
2026-09-17 11:42:30.582 Please replace `use_container_width` with `width`.

`use_container_width` will be removed after 2025-12-31.

For `use_container_width=True`, use `width='stretch'`. For `use_container_width=False`, use `width='content'`.
2026-09-17 11:42:30.607 Please replace `use_container_width` with `width`.

`use_container_width` will be removed after 2025-12-31.

For `use_container_width=True`, use `width='stretch'`. For `use_container_width=False`, use `width='content'`.
2026-09-17 11:42:30.678 Uncaught app execution
Traceback (most recent call last):
  File "/workspaces/jupi/.venv/lib/python3.14/site-packages/streamlit/runtime/fragment.py", line 717, in wrapped_fragment
    result = non_optional_func(*args, **kwargs)
  File "/workspaces/jupi/app.py", line 1470, in live_chart_panel
    components.html(html, height=580)
    ^^^^^^^^^^
NameError: name 'components' is not defined
2026-09-17 11:42:30.882 Please replace `use_container_width` with `width`.

`use_container_width` will be removed after 2025-12-31.

For `use_container_width=True`, use `width='stretch'`. For `use_container_width=False`, use `width='content'`.
2026-09-17 11:42:30.905 Please replace `use_container_width` with `width`.

`use_container_width` will be removed after 2025-12-31.

For `use_container_width=True`, use `width='stretch'`. For `use_container_width=False`, use `width='content'`.
2026-09-17 11:42:31.860 Uncaught app execution
Traceback (most recent call last):
  File "/workspaces/jupi/.venv/lib/python3.14/site-packages/streamlit/runtime/fragment.py", line 717, in wrapped_fragment
    result = non_optional_func(*args, **kwargs)
  File "/workspaces/jupi/app.py", line 1470, in live_chart_panel
    components.html(html, height=580)
    ^^^^^^^^^^
NameError: name 'components' is not defined
2026-09-17 11:42:33.190 Please replace `use_container_width` with `width`.

`use_container_width` will be removed after 2025-12-31.

For `use_container_width=True`, use `width='stretch'`. For `use_container_width=False`, use `width='content'`.
2026-09-17 11:42:33.211 Please replace `use_container_width` with `width`.

`use_container_width` will be removed after 2025-12-31.

For `use_container_width=True`, use `width='stretch'`. For `use_container_width=False`, use `width='content'`.
2026-09-17 11:42:33.345 Uncaught app execution
Traceback (most recent call last):
  File "/workspaces/jupi/.venv/lib/python3.14/site-packages/streamlit/runtime/fragment.py", line 717, in wrapped_fragment
    result = non_optional_func(*args, **kwargs)
  File "/workspaces/jupi/app.py", line 1470, in live_chart_panel
    components.html(html, height=580)
    ^^^^^^^^^^
NameError: name 'components' is not defined
2026-09-17 11:42:34.665 Please replace `use_container_width` with `width`.

`use_container_width` will be removed after 2025-12-31.

For `use_container_width=True`, use `width='stretch'`. For `use_container_width=False`, use `width='content'`.
2026-09-17 11:42:34.684 Please replace `use_container_width` with `width`.

`use_container_width` will be removed after 2025-12-31.

For `use_container_width=True`, use `width='stretch'`. For `use_container_width=False`, use `width='content'`.
2026-09-17 11:42:34.804 Uncaught app execution
Traceback (most recent call last):
  File "/workspaces/jupi/.venv/lib/python3.14/site-packages/streamlit/runtime/fragment.py", line 717, in wrapped_fragment
    result = non_optional_func(*args, **kwargs)
  File "/workspaces/jupi/app.py", line 1470, in live_chart_panel
    components.html(html, height=580)
    ^^^^^^^^^^
NameError: name 'components' is not defined
2026-09-17 11:42:35.860 Please replace `use_container_width` with `width`.

`use_container_width` will be removed after 2025-12-31.

For `use_container_width=True`, use `width='stretch'`. For `use_container_width=False`, use `width='content'`.
2026-09-17 11:42:35.882 Please replace `use_container_width` with `width`.

`use_container_width` will be removed after 2025-12-31.

For `use_container_width=True`, use `width='stretch'`. For `use_container_width=False`, use `width='content'`.
2026-09-17 11:42:36.002 Uncaught app execution
Traceback (most recent call last):
  File "/workspaces/jupi/.venv/lib/python3.14/site-packages/streamlit/runtime/fragment.py", line 717, in wrapped_fragment
    result = non_optional_func(*args, **kwargs)
  File "/workspaces/jupi/app.py", line 1470, in live_chart_panel
    components.html(html, height=580)
    ^^^^^^^^^^
NameError: name 'components' is not defined
2026-09-17 11:42:37.695 Please replace `use_container_width` with `width`.

`use_container_width` will be removed after 2025-12-31.

For `use_container_width=True`, use `width='stretch'`. For `use_container_width=False`, use `width='content'`.
2026-09-17 11:42:37.715 Please replace `use_container_width` with `width`.

`use_container_width` will be removed after 2025-12-31.

For `use_container_width=True`, use `width='stretch'`. For `use_container_width=False`, use `width='content'`.
2026-09-17 11:42:37.838 Uncaught app execution
Traceback (most recent call last):
  File "/workspaces/jupi/.venv/lib/python3.14/site-packages/streamlit/runtime/fragment.py", line 717, in wrapped_fragment
    result = non_optional_func(*args, **kwargs)
  File "/workspaces/jupi/app.py", line 1470, in live_chart_panel
    components.html(html, height=580)
    ^^^^^^^^^^
NameError: name 'components' is not defined
2026-09-17 11:42:38.659 Please replace `use_container_width` with `width`.

`use_container_width` will be removed after 2025-12-31.

For `use_container_width=True`, use `width='stretch'`. For `use_container_width=False`, use `width='content'`.
2026-09-17 11:42:38.682 Please replace `use_container_width` with `width`.

`use_container_width` will be removed after 2025-12-31.

For `use_container_width=True`, use `width='stretch'`. For `use_container_width=False`, use `width='content'`.
2026-09-17 11:42:38.807 Uncaught app execution
Traceback (most recent call last):
  File "/workspaces/jupi/.venv/lib/python3.14/site-packages/streamlit/runtime/fragment.py", line 717, in wrapped_fragment
    result = non_optional_func(*args, **kwargs)
  File "/workspaces/jupi/app.py", line 1470, in live_chart_panel
    components.html(html, height=580)
    ^^^^^^^^^^
NameError: name 'components' is not defined
2026-09-17 11:42:39.789 Please replace `use_container_width` with `width`.

`use_container_width` will be removed after 2025-12-31.

For `use_container_width=True`, use `width='stretch'`. For `use_container_width=False`, use `width='content'`.
2026-09-17 11:42:39.810 Please replace `use_container_width` with `width`.

`use_container_width` will be removed after 2025-12-31.

For `use_container_width=True`, use `width='stretch'`. For `use_container_width=False`, use `width='content'`.
2026-09-17 11:42:40.670 Uncaught app execution
Traceback (most recent call last):
  File "/workspaces/jupi/.venv/lib/python3.14/site-packages/streamlit/runtime/fragment.py", line 717, in wrapped_fragment
    result = non_optional_func(*args, **kwargs)
  File "/workspaces/jupi/app.py", line 1470, in live_chart_panel
    components.html(html, height=580)
    ^^^^^^^^^^
NameError: name 'components' is not defined
2026-09-17 11:42:41.666 Please replace `use_container_width` with `width`.

`use_container_width` will be removed after 2025-12-31.

For `use_container_width=True`, use `width='stretch'`. For `use_container_width=False`, use `width='content'`.
2026-09-17 11:42:41.688 Please replace `use_container_width` with `width`.

`use_container_width` will be removed after 2025-12-31.

For `use_container_width=True`, use `width='stretch'`. For `use_container_width=False`, use `width='content'`.
2026-09-17 11:42:41.816 Uncaught app execution
Traceback (most recent call last):
  File "/workspaces/jupi/.venv/lib/python3.14/site-packages/streamlit/runtime/fragment.py", line 717, in wrapped_fragment
    result = non_optional_func(*args, **kwargs)
  File "/workspaces/jupi/app.py", line 1470, in live_chart_panel
    components.html(html, height=580)
    ^^^^^^^^^^
NameError: name 'components' is not defined
2026-09-17 11:42:43.050 Please replace `use_container_width` with `width`.

`use_container_width` will be removed after 2025-12-31.

For `use_container_width=True`, use `width='stretch'`. For `use_container_width=False`, use `width='content'`.
2026-09-17 11:42:43.075 Please replace `use_container_width` with `width`.

`use_container_width` will be removed after 2025-12-31.

For `use_container_width=True`, use `width='stretch'`. For `use_container_width=False`, use `width='content'`.
2026-09-17 11:42:44.044 Please replace `use_container_width` with `width`.

`use_container_width` will be removed after 2025-12-31.

For `use_container_width=True`, use `width='stretch'`. For `use_container_width=False`, use `width='content'`.
2026-09-17 11:42:44.067 Please replace `use_container_width` with `width`.

`use_container_width` will be removed after 2025-12-31.

For `use_container_width=True`, use `width='stretch'`. For `use_container_width=False`, use `width='content'`.
2026-09-17 11:42:44.207 Uncaught app execution
Traceback (most recent call last):
  File "/workspaces/jupi/.venv/lib/python3.14/site-packages/streamlit/runtime/fragment.py", line 717, in wrapped_fragment
    result = non_optional_func(*args, **kwargs)
  File "/workspaces/jupi/app.py", line 1470, in live_chart_panel
    components.html(html, height=580)
    ^^^^^^^^^^
NameError: name 'components' is not defined
2026-09-17 11:42:44.916 Uncaught app execution
Traceback (most recent call last):
  File "/workspaces/jupi/.venv/lib/python3.14/site-packages/streamlit/runtime/fragment.py", line 717, in wrapped_fragment
    result = non_optional_func(*args, **kwargs)
  File "/workspaces/jupi/app.py", line 1470, in live_chart_panel
    components.html(html, height=580)
    ^^^^^^^^^^
NameError: name 'components' is not defined
2026-09-17 11:42:45.671 Please replace `use_container_width` with `width`.

`use_container_width` will be removed after 2025-12-31.

For `use_container_width=True`, use `width='stretch'`. For `use_container_width=False`, use `width='content'`.
2026-09-17 11:42:45.695 Please replace `use_container_width` with `width`.

`use_container_width` will be removed after 2025-12-31.

For `use_container_width=True`, use `width='stretch'`. For `use_container_width=False`, use `width='content'`.
2026-09-17 11:42:46.713 Please replace `use_container_width` with `width`.

`use_container_width` will be removed after 2025-12-31.

For `use_container_width=True`, use `width='stretch'`. For `use_container_width=False`, use `width='content'`.
2026-09-17 11:42:46.736 Please replace `use_container_width` with `width`.

`use_container_width` will be removed after 2025-12-31.

For `use_container_width=True`, use `width='stretch'`. For `use_container_width=False`, use `width='content'`.
2026-09-17 11:42:46.864 Uncaught app execution
Traceback (most recent call last):
  File "/workspaces/jupi/.venv/lib/python3.14/site-packages/streamlit/runtime/fragment.py", line 717, in wrapped_fragment
    result = non_optional_func(*args, **kwargs)
  File "/workspaces/jupi/app.py", line 1470, in live_chart_panel
    components.html(html, height=580)
    ^^^^^^^^^^
NameError: name 'components' is not defined
2026-09-17 11:42:47.680 Please replace `use_container_width` with `width`.

`use_container_width` will be removed after 2025-12-31.

For `use_container_width=True`, use `width='stretch'`. For `use_container_width=False`, use `width='content'`.
2026-09-17 11:42:47.704 Please replace `use_container_width` with `width`.

`use_container_width` will be removed after 2025-12-31.

For `use_container_width=True`, use `width='stretch'`. For `use_container_width=False`, use `width='content'`.
2026-09-17 11:42:47.827 Uncaught app execution
Traceback (most recent call last):
  File "/workspaces/jupi/.venv/lib/python3.14/site-packages/streamlit/runtime/fragment.py", line 717, in wrapped_fragment
    result = non_optional_func(*args, **kwargs)
  File "/workspaces/jupi/app.py", line 1470, in live_chart_panel
    components.html(html, height=580)
    ^^^^^^^^^^
NameError: name 'components' is not defined
2026-09-17 11:42:48.789 Please replace `use_container_width` with `width`.

`use_container_width` will be removed after 2025-12-31.

For `use_container_width=True`, use `width='stretch'`. For `use_container_width=False`, use `width='content'`.
2026-09-17 11:42:48.814 Please replace `use_container_width` with `width`.

`use_container_width` will be removed after 2025-12-31.

For `use_container_width=True`, use `width='stretch'`. For `use_container_width=False`, use `width='content'`.
2026-09-17 11:42:49.829 Uncaught app execution
Traceback (most recent call last):
  File "/workspaces/jupi/.venv/lib/python3.14/site-packages/streamlit/runtime/fragment.py", line 717, in wrapped_fragment
    result = non_optional_func(*args, **kwargs)
  File "/workspaces/jupi/app.py", line 1470, in live_chart_panel
    components.html(html, height=580)
    ^^^^^^^^^^
NameError: name 'components' is not defined
2026-09-17 11:42:49.958 Please replace `use_container_width` with `width`.

`use_container_width` will be removed after 2025-12-31.

For `use_container_width=True`, use `width='stretch'`. For `use_container_width=False`, use `width='content'`.
2026-09-17 11:42:49.983 Please replace `use_container_width` with `width`.

`use_container_width` will be removed after 2025-12-31.

For `use_container_width=True`, use `width='stretch'`. For `use_container_width=False`, use `width='content'`.
2026-09-17 11:42:51.027 Uncaught app execution
Traceback (most recent call last):
  File "/workspaces/jupi/.venv/lib/python3.14/site-packages/streamlit/runtime/fragment.py", line 717, in wrapped_fragment
    result = non_optional_func(*args, **kwargs)
  File "/workspaces/jupi/app.py", line 1470, in live_chart_panel
    components.html(html, height=580)
    ^^^^^^^^^^
NameError: name 'components' is not defined
2026-09-17 11:42:51.671 Please replace `use_container_width` with `width`.

`use_container_width` will be removed after 2025-12-31.

For `use_container_width=True`, use `width='stretch'`. For `use_container_width=False`, use `width='content'`.
2026-09-17 11:42:51.692 Please replace `use_container_width` with `width`.

`use_container_width` will be removed after 2025-12-31.

For `use_container_width=True`, use `width='stretch'`. For `use_container_width=False`, use `width='content'`.
2026-09-17 11:42:52.699 Please replace `use_container_width` with `width`.

`use_container_width` will be removed after 2025-12-31.

For `use_container_width=True`, use `width='stretch'`. For `use_container_width=False`, use `width='content'`.
2026-09-17 11:42:52.714 Please replace `use_container_width` with `width`.

`use_container_width` will be removed after 2025-12-31.

For `use_container_width=True`, use `width='stretch'`. For `use_container_width=False`, use `width='content'`.
2026-09-17 11:42:52.847 Uncaught app execution
Traceback (most recent call last):
  File "/workspaces/jupi/.venv/lib/python3.14/site-packages/streamlit/runtime/fragment.py", line 717, in wrapped_fragment
    result = non_optional_func(*args, **kwargs)
  File "/workspaces/jupi/app.py", line 1470, in live_chart_panel
    components.html(html, height=580)
    ^^^^^^^^^^
NameError: name 'components' is not defined
2026-09-17 11:42:53.835 Please replace `use_container_width` with `width`.

`use_container_width` will be removed after 2025-12-31.

For `use_container_width=True`, use `width='stretch'`. For `use_container_width=False`, use `width='content'`.
2026-09-17 11:42:53.856 Please replace `use_container_width` with `width`.

`use_container_width` will be removed after 2025-12-31.

For `use_container_width=True`, use `width='stretch'`. For `use_container_width=False`, use `width='content'`.
2026-09-17 11:42:53.977 Uncaught app execution
Traceback (most recent call last):
  File "/workspaces/jupi/.venv/lib/python3.14/site-packages/streamlit/runtime/fragment.py", line 717, in wrapped_fragment
    result = non_optional_func(*args, **kwargs)
  File "/workspaces/jupi/app.py", line 1470, in live_chart_panel
    components.html(html, height=580)
    ^^^^^^^^^^
NameError: name 'components' is not defined
2026-09-17 11:42:55.674 Please replace `use_container_width` with `width`.

`use_container_width` will be removed after 2025-12-31.

For `use_container_width=True`, use `width='stretch'`. For `use_container_width=False`, use `width='content'`.
2026-09-17 11:42:55.697 Please replace `use_container_width` with `width`.

`use_container_width` will be removed after 2025-12-31.

For `use_container_width=True`, use `width='stretch'`. For `use_container_width=False`, use `width='content'`.
2026-09-17 11:42:55.840 Uncaught app execution
Traceback (most recent call last):
  File "/workspaces/jupi/.venv/lib/python3.14/site-packages/streamlit/runtime/fragment.py", line 717, in wrapped_fragment
    result = non_optional_func(*args, **kwargs)
  File "/workspaces/jupi/app.py", line 1470, in live_chart_panel
    components.html(html, height=580)
    ^^^^^^^^^^
NameError: name 'components' is not defined
2026-09-17 11:42:56.711 Please replace `use_container_width` with `width`.

`use_container_width` will be removed after 2025-12-31.

For `use_container_width=True`, use `width='stretch'`. For `use_container_width=False`, use `width='content'`.
2026-09-17 11:42:56.733 Please replace `use_container_width` with `width`.

`use_container_width` will be removed after 2025-12-31.

For `use_container_width=True`, use `width='stretch'`. For `use_container_width=False`, use `width='content'`.
2026-09-17 11:42:56.895 Uncaught app execution
Traceback (most recent call last):
  File "/workspaces/jupi/.venv/lib/python3.14/site-packages/streamlit/runtime/fragment.py", line 717, in wrapped_fragment
    result = non_optional_func(*args, **kwargs)
  File "/workspaces/jupi/app.py", line 1470, in live_chart_panel
    components.html(html, height=580)
    ^^^^^^^^^^
NameError: name 'components' is not defined
2026-09-17 11:42:57.833 Please replace `use_container_width` with `width`.

`use_container_width` will be removed after 2025-12-31.

For `use_container_width=True`, use `width='stretch'`. For `use_container_width=False`, use `width='content'`.
2026-09-17 11:42:57.856 Please replace `use_container_width` with `width`.

`use_container_width` will be removed after 2025-12-31.

For `use_container_width=True`, use `width='stretch'`. For `use_container_width=False`, use `width='content'`.
2026-09-17 11:42:58.788 Uncaught app execution
Traceback (most recent call last):
  File "/workspaces/jupi/.venv/lib/python3.14/site-packages/streamlit/runtime/fragment.py", line 717, in wrapped_fragment
    result = non_optional_func(*args, **kwargs)
  File "/workspaces/jupi/app.py", line 1470, in live_chart_panel
    components.html(html, height=580)
    ^^^^^^^^^^
NameError: name 'components' is not defined
2026-09-17 11:42:58.891 Please replace `use_container_width` with `width`.

`use_container_width` will be removed after 2025-12-31.

For `use_container_width=True`, use `width='stretch'`. For `use_container_width=False`, use `width='content'`.
2026-09-17 11:42:58.924 Please replace `use_container_width` with `width`.

`use_container_width` will be removed after 2025-12-31.

For `use_container_width=True`, use `width='stretch'`. For `use_container_width=False`, use `width='content'`.
2026-09-17 11:42:59.825 Uncaught app execution
Traceback (most recent call last):
  File "/workspaces/jupi/.venv/lib/python3.14/site-packages/streamlit/runtime/fragment.py", line 717, in wrapped_fragment
    result = non_optional_func(*args, **kwargs)
  File "/workspaces/jupi/app.py", line 1470, in live_chart_panel
    components.html(html, height=580)
    ^^^^^^^^^^
NameError: name 'components' is not defined
2026-09-17 11:42:59.919 Please replace `use_container_width` with `width`.

`use_container_width` will be removed after 2025-12-31.

For `use_container_width=True`, use `width='stretch'`. For `use_container_width=False`, use `width='content'`.
2026-09-17 11:42:59.940 Please replace `use_container_width` with `width`.

`use_container_width` will be removed after 2025-12-31.

For `use_container_width=True`, use `width='stretch'`. For `use_container_width=False`, use `width='content'`.
2026-09-17 11:43:01.673 Please replace `use_container_width` with `width`.

`use_container_width` will be removed after 2025-12-31.

For `use_container_width=True`, use `width='stretch'`. For `use_container_width=False`, use `width='content'`.
2026-09-17 11:43:01.689 Please replace `use_container_width` with `width`.

`use_container_width` will be removed after 2025-12-31.

For `use_container_width=True`, use `width='stretch'`. For `use_container_width=False`, use `width='content'`.
2026-09-17 11:43:03.877 Uncaught app execution
Traceback (most recent call last):
  File "/workspaces/jupi/.venv/lib/python3.14/site-packages/streamlit/runtime/fragment.py", line 717, in wrapped_fragment
    result = non_optional_func(*args, **kwargs)
  File "/workspaces/jupi/app.py", line 1470, in live_chart_panel
    components.html(html, height=580)
    ^^^^^^^^^^
NameError: name 'components' is not defined
2026-09-17 11:43:03.984 Please replace `use_container_width` with `width`.

`use_container_width` will be removed after 2025-12-31.

For `use_container_width=True`, use `width='stretch'`. For `use_container_width=False`, use `width='content'`.
2026-09-17 11:43:04.004 Please replace `use_container_width` with `width`.

`use_container_width` will be removed after 2025-12-31.

For `use_container_width=True`, use `width='stretch'`. For `use_container_width=False`, use `width='content'`.
2026-09-17 11:43:04.097 Uncaught app execution
Traceback (most recent call last):
  File "/workspaces/jupi/.venv/lib/python3.14/site-packages/streamlit/runtime/fragment.py", line 717, in wrapped_fragment
    result = non_optional_func(*args, **kwargs)
  File "/workspaces/jupi/app.py", line 1470, in live_chart_panel
    components.html(html, height=580)
    ^^^^^^^^^^
NameError: name 'components' is not defined
2026-09-17 11:43:05.017 Please replace `use_container_width` with `width`.

`use_container_width` will be removed after 2025-12-31.

For `use_container_width=True`, use `width='stretch'`. For `use_container_width=False`, use `width='content'`.
2026-09-17 11:43:05.046 Please replace `use_container_width` with `width`.

`use_container_width` will be removed after 2025-12-31.

For `use_container_width=True`, use `width='stretch'`. For `use_container_width=False`, use `width='content'`.
2026-09-17 11:43:05.178 Uncaught app execution
Traceback (most recent call last):
  File "/workspaces/jupi/.venv/lib/python3.14/site-packages/streamlit/runtime/fragment.py", line 717, in wrapped_fragment
    result = non_optional_func(*args, **kwargs)
  File "/workspaces/jupi/app.py", line 1470, in live_chart_panel
    components.html(html, height=580)
    ^^^^^^^^^^
NameError: name 'components' is not defined
2026-09-17 11:43:06.078 Uncaught app execution
Traceback (most recent call last):
  File "/workspaces/jupi/.venv/lib/python3.14/site-packages/streamlit/runtime/fragment.py", line 717, in wrapped_fragment
    result = non_optional_func(*args, **kwargs)
  File "/workspaces/jupi/app.py", line 1470, in live_chart_panel
    components.html(html, height=580)
    ^^^^^^^^^^
NameError: name 'components' is not defined
2026-09-17 11:43:06.177 Please replace `use_container_width` with `width`.

`use_container_width` will be removed after 2025-12-31.

For `use_container_width=True`, use `width='stretch'`. For `use_container_width=False`, use `width='content'`.
2026-09-17 11:43:06.199 Please replace `use_container_width` with `width`.

`use_container_width` will be removed after 2025-12-31.

For `use_container_width=True`, use `width='stretch'`. For `use_container_width=False`, use `width='content'`.
2026-09-17 11:43:07.750 Please replace `use_container_width` with `width`.

`use_container_width` will be removed after 2025-12-31.

For `use_container_width=True`, use `width='stretch'`. For `use_container_width=False`, use `width='content'`.
2026-09-17 11:43:07.773 Please replace `use_container_width` with `width`.

`use_container_width` will be removed after 2025-12-31.

For `use_container_width=True`, use `width='stretch'`. For `use_container_width=False`, use `width='content'`.
2026-09-17 11:43:08.022 Uncaught app execution
Traceback (most recent call last):
  File "/workspaces/jupi/.venv/lib/python3.14/site-packages/streamlit/runtime/fragment.py", line 717, in wrapped_fragment
    result = non_optional_func(*args, **kwargs)
  File "/workspaces/jupi/app.py", line 1470, in live_chart_panel
    components.html(html, height=580)
    ^^^^^^^^^^
NameError: name 'components' is not defined
2026-09-17 11:43:08.805 Please replace `use_container_width` with `width`.

`use_container_width` will be removed after 2025-12-31.

For `use_container_width=True`, use `width='stretch'`. For `use_container_width=False`, use `width='content'`.
2026-09-17 11:43:08.825 Please replace `use_container_width` with `width`.

`use_container_width` will be removed after 2025-12-31.

For `use_container_width=True`, use `width='stretch'`. For `use_container_width=False`, use `width='content'`.
2026-09-17 11:43:08.969 Uncaught app execution
Traceback (most recent call last):
  File "/workspaces/jupi/.venv/lib/python3.14/site-packages/streamlit/runtime/fragment.py", line 717, in wrapped_fragment
    result = non_optional_func(*args, **kwargs)
  File "/workspaces/jupi/app.py", line 1470, in live_chart_panel
    components.html(html, height=580)
    ^^^^^^^^^^
NameError: name 'components' is not defined
2026-09-17 11:43:10.710 Please replace `use_container_width` with `width`.

`use_container_width` will be removed after 2025-12-31.

For `use_container_width=True`, use `width='stretch'`. For `use_container_width=False`, use `width='content'`.
2026-09-17 11:43:10.732 Please replace `use_container_width` with `width`.

`use_container_width` will be removed after 2025-12-31.

For `use_container_width=True`, use `width='stretch'`. For `use_container_width=False`, use `width='content'`.
2026-09-17 11:43:10.869 Uncaught app execution
Traceback (most recent call last):
  File "/workspaces/jupi/.venv/lib/python3.14/site-packages/streamlit/runtime/fragment.py", line 717, in wrapped_fragment
    result = non_optional_func(*args, **kwargs)
  File "/workspaces/jupi/app.py", line 1470, in live_chart_panel
    components.html(html, height=580)
    ^^^^^^^^^^
NameError: name 'components' is not defined
2026-09-17 11:43:11.672 Please replace `use_container_width` with `width`.

`use_container_width` will be removed after 2025-12-31.

For `use_container_width=True`, use `width='stretch'`. For `use_container_width=False`, use `width='content'`.
2026-09-17 11:43:11.697 Please replace `use_container_width` with `width`.

`use_container_width` will be removed after 2025-12-31.

For `use_container_width=True`, use `width='stretch'`. For `use_container_width=False`, use `width='content'`.
2026-09-17 11:43:11.819 Uncaught app execution
Traceback (most recent call last):
  File "/workspaces/jupi/.venv/lib/python3.14/site-packages/streamlit/runtime/fragment.py", line 717, in wrapped_fragment
    result = non_optional_func(*args, **kwargs)
  File "/workspaces/jupi/app.py", line 1470, in live_chart_panel
    components.html(html, height=580)
    ^^^^^^^^^^
NameError: name 'components' is not defined
2026-09-17 11:43:12.701 Please replace `use_container_width` with `width`.

`use_container_width` will be removed after 2025-12-31.

For `use_container_width=True`, use `width='stretch'`. For `use_container_width=False`, use `width='content'`.
2026-09-17 11:43:12.720 Please replace `use_container_width` with `width`.

`use_container_width` will be removed after 2025-12-31.

For `use_container_width=True`, use `width='stretch'`. For `use_container_width=False`, use `width='content'`.
2026-09-17 11:43:13.765 Please replace `use_container_width` with `width`.

`use_container_width` will be removed after 2025-12-31.

For `use_container_width=True`, use `width='stretch'`. For `use_container_width=False`, use `width='content'`.
2026-09-17 11:43:13.786 Please replace `use_container_width` with `width`.

`use_container_width` will be removed after 2025-12-31.

For `use_container_width=True`, use `width='stretch'`. For `use_container_width=False`, use `width='content'`.
2026-09-17 11:43:13.911 Uncaught app execution
Traceback (most recent call last):
  File "/workspaces/jupi/.venv/lib/python3.14/site-packages/streamlit/runtime/fragment.py", line 717, in wrapped_fragment
    result = non_optional_func(*args, **kwargs)
  File "/workspaces/jupi/app.py", line 1470, in live_chart_panel
    components.html(html, height=580)
    ^^^^^^^^^^
NameError: name 'components' is not defined
2026-09-17 11:43:14.787 Uncaught app execution
Traceback (most recent call last):
  File "/workspaces/jupi/.venv/lib/python3.14/site-packages/streamlit/runtime/fragment.py", line 717, in wrapped_fragment
    result = non_optional_func(*args, **kwargs)
  File "/workspaces/jupi/app.py", line 1470, in live_chart_panel
    components.html(html, height=580)
    ^^^^^^^^^^
NameError: name 'components' is not defined
2026-09-17 11:43:19.913 Please replace `use_container_width` with `width`.

`use_container_width` will be removed after 2025-12-31.

For `use_container_width=True`, use `width='stretch'`. For `use_container_width=False`, use `width='content'`.
2026-09-17 11:43:19.929 Please replace `use_container_width` with `width`.

`use_container_width` will be removed after 2025-12-31.

For `use_container_width=True`, use `width='stretch'`. For `use_container_width=False`, use `width='content'`.
2026-09-17 11:43:20.076 Uncaught app execution
Traceback (most recent call last):
  File "/workspaces/jupi/.venv/lib/python3.14/site-packages/streamlit/runtime/fragment.py", line 717, in wrapped_fragment
    result = non_optional_func(*args, **kwargs)
  File "/workspaces/jupi/app.py", line 1470, in live_chart_panel
    components.html(html, height=580)
    ^^^^^^^^^^
NameError: name 'components' is not defined
2026-09-17 11:43:20.548 Uncaught app execution
Traceback (most recent call last):
  File "/workspaces/jupi/.venv/lib/python3.14/site-packages/streamlit/runtime/fragment.py", line 717, in wrapped_fragment
    result = non_optional_func(*args, **kwargs)
  File "/workspaces/jupi/app.py", line 1470, in live_chart_panel
    components.html(html, height=580)
    ^^^^^^^^^^
NameError: name 'components' is not defined
2026-09-17 11:43:20.772 Please replace `use_container_width` with `width`.

`use_container_width` will be removed after 2025-12-31.

For `use_container_width=True`, use `width='stretch'`. For `use_container_width=False`, use `width='content'`.
2026-09-17 11:43:20.794 Please replace `use_container_width` with `width`.

`use_container_width` will be removed after 2025-12-31.

For `use_container_width=True`, use `width='stretch'`. For `use_container_width=False`, use `width='content'`.
2026-09-17 11:43:21.760 Please replace `use_container_width` with `width`.

`use_container_width` will be removed after 2025-12-31.

For `use_container_width=True`, use `width='stretch'`. For `use_container_width=False`, use `width='content'`.
2026-09-17 11:43:21.786 Please replace `use_container_width` with `width`.

`use_container_width` will be removed after 2025-12-31.

For `use_container_width=True`, use `width='stretch'`. For `use_container_width=False`, use `width='content'`.
2026-09-17 11:43:22.080 Uncaught app execution
Traceback (most recent call last):
  File "/workspaces/jupi/.venv/lib/python3.14/site-packages/streamlit/runtime/fragment.py", line 717, in wrapped_fragment
    result = non_optional_func(*args, **kwargs)
  File "/workspaces/jupi/app.py", line 1470, in live_chart_panel
    components.html(html, height=580)
    ^^^^^^^^^^
NameError: name 'components' is not defined
2026-09-17 11:43:22.799 Please replace `use_container_width` with `width`.

`use_container_width` will be removed after 2025-12-31.

For `use_container_width=True`, use `width='stretch'`. For `use_container_width=False`, use `width='content'`.
2026-09-17 11:43:22.822 Please replace `use_container_width` with `width`.

`use_container_width` will be removed after 2025-12-31.

For `use_container_width=True`, use `width='stretch'`. For `use_container_width=False`, use `width='content'`.
2026-09-17 11:43:23.582 Uncaught app execution
Traceback (most recent call last):
  File "/workspaces/jupi/.venv/lib/python3.14/site-packages/streamlit/runtime/fragment.py", line 717, in wrapped_fragment
    result = non_optional_func(*args, **kwargs)
  File "/workspaces/jupi/app.py", line 1470, in live_chart_panel
    components.html(html, height=580)
    ^^^^^^^^^^
NameError: name 'components' is not defined
2026-09-17 11:43:23.830 Please replace `use_container_width` with `width`.

`use_container_width` will be removed after 2025-12-31.

For `use_container_width=True`, use `width='stretch'`. For `use_container_width=False`, use `width='content'`.
2026-09-17 11:43:23.857 Please replace `use_container_width` with `width`.

`use_container_width` will be removed after 2025-12-31.

For `use_container_width=True`, use `width='stretch'`. For `use_container_width=False`, use `width='content'`.
2026-09-17 11:43:24.710 Please replace `use_container_width` with `width`.

`use_container_width` will be removed after 2025-12-31.

For `use_container_width=True`, use `width='stretch'`. For `use_container_width=False`, use `width='content'`.
2026-09-17 11:43:24.732 Please replace `use_container_width` with `width`.

`use_container_width` will be removed after 2025-12-31.

For `use_container_width=True`, use `width='stretch'`. For `use_container_width=False`, use `width='content'`.
2026-09-17 11:43:25.105 Uncaught app execution
Traceback (most recent call last):
  File "/workspaces/jupi/.venv/lib/python3.14/site-packages/streamlit/runtime/fragment.py", line 717, in wrapped_fragment
    result = non_optional_func(*args, **kwargs)
  File "/workspaces/jupi/app.py", line 1470, in live_chart_panel
    components.html(html, height=580)
    ^^^^^^^^^^
NameError: name 'components' is not defined
2026-09-17 11:43:25.752 Please replace `use_container_width` with `width`.

`use_container_width` will be removed after 2025-12-31.

For `use_container_width=True`, use `width='stretch'`. For `use_container_width=False`, use `width='content'`.
2026-09-17 11:43:25.775 Please replace `use_container_width` with `width`.

`use_container_width` will be removed after 2025-12-31.

For `use_container_width=True`, use `width='stretch'`. For `use_container_width=False`, use `width='content'`.
